r_true,R_true,noise_sd,dt,duration,n,sd_log_r,sd_log_K,cov_logr_logK,corr_logr_logK,var_logsum,var_logdif,ridge_ratio
0.01,2e-12,0.002,1,60,50,0.07193340367678429,0.022989140729884904,-0.0016098787268812773,-0.9735086447997344,0.0024831577022631016,0.008922672609788209,3.593276658045624
0.01,2e-12,0.002,1,120,50,0.009704532932018417,0.00694272241620102,-6.591928422767691e-5,-0.9783810744379008,1.054078552169604e-5,2.7421792243240395e-4,26.014941853050964
0.01,2e-12,0.002,1,180,50,0.004756325977984265,0.004140816825417096,-1.927571388094887e-5,-0.9787073284265138,1.2175730286078467e-6,7.832042855240302e-5,64.32503571629977
0.01,2e-12,0.002,3,60,50,0.11336516320098593,0.03432744497054432,-0.0037306810013254528,-0.9586653230387338,0.006568671703141028,0.02149139570844283,3.2718023794926463
0.01,2e-12,0.002,3,120,50,0.014857914522165732,0.010670605759880814,-1.54610960208716e-4,-0.9751992244752677,2.5397530813354708e-5,6.43841371648217e-4,25.350549877457688
0.01,2e-12,0.002,3,180,50,0.008567289391199615,0.007176605099128186,-5.954537910127852e-5,-0.9684686753196589,5.811350058836711e-6,2.4399286646395118e-4,41.985573746833026
0.01,2e-12,0.002,5,60,50,0.16633382015022746,0.054472288743126304,-0.008811931691846565,-0.9725567148381038,0.013010306582989623,0.048258033350375845,3.709215693154457
0.01,2e-12,0.002,5,120,50,0.018863093662085686,0.013993560108314868,-2.5834102343681237e-4,-0.9787059687905733,3.495398013601516e-5,0.0010683180738832625,30.563560136103387
0.01,2e-12,0.002,5,180,50,0.011681179613413495,0.010251666156772981,-1.1800392427590134e-4,-0.985406206567559,5.538767598948461e-6,4.7755446470255437e-4,86.22034706659626
0.01,2e-12,0.005,1,60,50,0.17919017766010303,0.05871575672946218,-0.010207053879215154,-0.9701335963770863,0.015142552099742336,0.055970767616602975,3.6962572258579427
0.01,2e-12,0.005,1,120,50,0.023807335801638605,0.01608880426387793,-3.7809476473590697e-4,-0.987111242355931,6.944933114154447e-5,0.0015818283900851744,22.77672605458582
0.01,2e-12,0.005,1,180,50,0.01430005405618194,0.0117363605664542,-1.6537383106794655e-4,-0.9853616706731904,1.1486043219653474e-5,6.729813674914397e-4,58.59122716340807
0.01,2e-12,0.005,3,60,50,0.30558921194992894,0.08439721876996348,-0.024687650016522556,-0.9572240429039315,0.05113235696323851,0.14988295702932872,2.931274166318731
0.01,2e-12,0.005,3,120,50,0.0346257619501633,0.023809115972983002,-8.080255270697222e-4,-0.980127267911465,1.4976633990488583e-4,0.003381868448183775,22.580964790429842
0.01,2e-12,0.005,3,180,50,0.022105558280740685,0.019253490558720887,-4.140802348932276e-4,-0.9729119485496275,3.119213581152213e-5,0.001687513075384433,54.10059399526847
0.01,2e-12,0.005,5,60,50,0.30563836571690417,0.09574817047426103,-0.027629087027577097,-0.9441221380644713,0.04732434869211402,0.15784069680242244,3.3352957022042338
0.01,2e-12,0.005,5,120,50,0.03747956336998107,0.02669775458115139,-9.634914375638164e-4,-0.9628942653108201,1.9050489495218048e-4,0.004044470645207448,21.230271517289196
0.01,2e-12,0.005,5,180,50,0.027881369143371502,0.023464651011556266,-6.348720934922747e-4,-0.9704162085740337,5.8216405418528873e-5,0.002597704779387627,44.621524821263534
0.01,2e-12,0.01,1,60,50,0.46041593442834255,0.122834006243735,-0.05100715272269976,-0.9019077507338632,0.12505672032001022,0.3290853312108093,2.631488578692181
0.01,2e-12,0.01,1,120,50,0.04102889943123032,0.02873762662426827,-0.0011452405958890504,-0.9713057705145585,2.187405807557629e-4,0.004799702964311966,21.942444093952208
0.01,2e-12,0.01,1,180,50,0.030103408430246104,0.024477917741300394,-7.241778076466083e-4,-0.9827771939702361,5.7028040774866695e-5,0.002953739271361298,51.794507249897755
0.01,2e-12,0.01,3,60,50,1.349083448872608,0.17350016021852324,-0.17608937666689795,-0.7523058894614014,1.4979497042840675,2.2023072109516595,1.4702143901448506
0.01,2e-12,0.01,3,120,50,0.08530202208841356,0.0628372703167631,-0.005268709025563987,-0.982941287194399,6.875394621061853e-4,0.021762375564362127,31.65254761915192
0.01,2e-12,0.01,3,180,50,0.04810473169608774,0.039948970745569023,-0.0018748264884681618,-0.9755907851410247,1.603324982465957e-4,0.007659638452119245,47.77346162434589
0.01,2e-12,0.01,5,60,50,1.1375883440200056,0.2366196873017083,-0.19831102810251128,-0.7367342435653697,0.9534740606639152,1.7467181730739598,1.8319514343764103
0.01,2e-12,0.01,5,120,50,0.09542846374424233,0.06772131413598291,-0.006311696713669232,-0.9766586768653582,0.0010693746535521814,0.02631616150822911,24.608925806137016
0.01,2e-12,0.01,5,180,50,0.059668968943806945,0.05035485259906575,-0.0029556214120437484,-0.9836915520010487,1.847542110031383e-4,0.01200723985917813,64.99034470707772
0.01,5e-12,0.002,1,60,50,0.027631213243544447,0.00906866481445351,-2.4465189384572343e-4,-0.9763494302022725,3.56420839135689e-4,0.0013350284145185799,3.7456519595094053
0.01,5e-12,0.002,1,120,50,0.012601324763225076,0.005736369755567441,-7.07553244212463e-5,-0.9788266492559499,5.018867491836685e-5,3.332099726033509e-4,6.639146643048962
0.01,5e-12,0.002,1,180,50,0.014302103168526007,0.006321437116661442,-8.881928092975844e-5,-0.9824071717883145,6.687216040354702e-5,4.221492841225836e-4,6.312780708370715
0.01,5e-12,0.002,3,60,50,0.041901812611138,0.013626998321247077,-5.54277217993388e-4,-0.9707200853207447,8.329025473594084e-4,0.0030500114193329707,3.6619067008530237
0.01,5e-12,0.002,3,120,50,0.021891710565875994,0.010374862751086934,-2.220595681928091e-4,-0.977704092787728,1.4276563221835863e-4,0.0010310039049895958,7.2216533416998105
0.01,5e-12,0.002,3,180,50,0.018587334140350638,0.0080897934314632,-1.4581396966752833e-4,-0.9697160749137751,1.1930580887373303e-4,7.025616875438461e-4,5.888746693695361
0.01,5e-12,0.002,5,60,50,0.04863763924836278,0.016820349738469503,-7.956873980897627e-4,-0.972601580597735,0.001057169320798788,0.004239918913157835,4.010633708093409
0.01,5e-12,0.002,5,120,50,0.024988761202720658,0.011321564504496057,-2.75252711802585e-4,-0.9729273996473101,2.0211058567089205e-4,0.0013031214328812323,6.447566457519339
0.01,5e-12,0.002,5,180,50,0.02493828130360781,0.011224451926315299,-2.748442886321974e-4,-0.9818724011920968,1.9821761815964198e-4,0.0012975947726884334,6.546314019591169
0.01,5e-12,0.005,1,60,50,0.0579613915774346,0.019864050010102465,-0.0011121607090223717,-0.9659640069072681,0.0015297819783518074,0.005978424814441304,3.908024083851792
0.01,5e-12,0.005,1,120,50,0.026515486684479055,0.012268968419927147,-3.161184659566396e-4,-0.9717224002957189,2.2136168829067874e-4,0.0014858355521172343,6.712252529291
0.01,5e-12,0.005,1,180,50,0.03647586425232506,0.016458715590675566,-5.85716324457435e-4,-0.9756314621471202,4.2994534293392935e-4,0.0027728106407636606,6.449216595398184
0.01,5e-12,0.005,3,60,50,0.10162733393272227,0.03241710921368175,-0.0031926684701235734,-0.9691009216587284,0.004993647031797655,0.01776432091229196,3.557384172164249
0.01,5e-12,0.005,3,120,50,0.04573012211982678,0.02162476051939635,-9.577052277625513e-4,-0.9684522005551761,6.434638810904162e-4,0.004474284792140615,6.9534358083292505
0.01,5e-12,0.005,3,180,50,0.045241253052330434,0.020832042414274176,-9.159293033810452e-4,-0.9718415824640846,6.488863621330299e-4,0.004312603575657208,6.646161527390938
0.01,5e-12,0.005,5,60,50,0.11017160391961495,0.03846695364958536,-0.004078850101404466,-0.9624546584924659,0.005459788630490964,0.021775189036108793,3.9882842560062053
0.01,5e-12,0.005,5,120,50,0.05095861738969172,0.022839395820064855,-0.0011107046549626793,-0.954325095942339,8.970093777692307e-4,0.005339827997619944,5.952923269207668
0.01,5e-12,0.005,5,180,50,0.05248766287640453,0.026977989205978374,-0.001361314855707531,-0.9613726704487847,7.601369444099138e-4,0.006205396367240042,8.163524234514382
0.01,5e-12,0.01,1,60,50,0.14187307137494132,0.05033621096700248,-0.006857504676931093,-0.9602528848180009,0.008946693162011571,0.036376711869735956,4.065939360052561
0.01,5e-12,0.01,1,120,50,0.06930527999979662,0.03222154996830448,-0.0021904695533118547,-0.9808994045982647,0.0014605110115864415,0.01022238922483386,6.999186684481112
0.01,5e-12,0.01,1,180,50,0.05938377269219993,0.024994589282520643,-0.001433910801307029,-0.9660694448439962,0.0012833403499467044,0.007018983555174823,5.469307931809603
0.01,5e-12,0.01,3,60,50,0.23673980616411852,0.07195213034290028,-0.01642808748849441,-0.964433000406235,0.028366669906517306,0.09407901986049493,3.3165338113544327
0.01,5e-12,0.01,3,120,50,0.09336701070836104,0.04015347501312433,-0.0036245863038568077,-0.9668116036116348,0.003080527636531171,0.017578872851958416,5.706448675705799
0.01,5e-12,0.01,3,180,50,0.08692253533970518,0.04068536536052401,-0.0034624009581661237,-0.979054242452391,0.0022860241880693706,0.01613562802073386,7.058380267778784
0.01,5e-12,0.01,5,60,50,0.3839526054479759,0.1055097959954556,-0.03859659801165003,-0.952749269320007,0.08135872425799155,0.2357451163045917,2.8976009451307903
0.01,5e-12,0.01,5,120,50,0.1414246252489839,0.06328307040213464,-0.00876933446512278,-0.9798374976763967,0.006467002696091521,0.041544340556582626,6.424048745439814
0.01,5e-12,0.01,5,180,50,0.11115720644953818,0.05196776985278058,-0.005555155407917149,-0.9616665484347354,0.003946262833302549,0.026166884464971125,6.630801234055811
0.01,8e-12,0.002,1,60,50,0.02588496478877574,0.007996043874722417,-2.0345850847897407e-4,-0.9829990756125687,3.270511028046999e-4,0.0011408851367205937,3.4884002131063863
0.01,8e-12,0.002,1,120,50,0.019446016573988142,0.006496636843670706,-1.2312534750960385e-4,-0.9746040840163364,1.7410315585515454e-4,6.66604545893569e-4,3.8287907109975188
0.01,8e-12,0.002,1,180,50,0.020063174512581945,0.006049311366455136,-1.1769824544655689e-4,-0.9697602959808264,2.0372864863752637e-4,6.745216304237552e-4,3.3108825633250176
0.01,8e-12,0.002,3,60,50,0.03360106310799697,0.010570959717737978,-3.444575323176012e-4,-0.9697688942114017,5.51861566706432e-4,0.0019296916959768364,3.4966952083535006
0.01,8e-12,0.002,3,120,50,0.031714159501947004,0.009752338508853358,-3.001423887672627e-4,-0.9704325634617179,5.006112417716747e-4,0.001701180796840725,3.3982073411300293
0.01,8e-12,0.002,3,180,50,0.03096503518223832,0.009207689693002471,-2.783837782943355e-4,-0.9763862893777112,4.8684739673121537e-4,0.0016003825099085518,3.2872364536686853
0.01,8e-12,0.002,5,60,50,0.028303496629893406,0.00987375696405051,-2.6662883258001907e-4,-0.954079547830464,3.6532133290348266e-4,0.0014318366632235621,3.919389683169286
0.01,8e-12,0.002,5,120,50,0.03013186276224458,0.011080068719823461,-3.246671489244018e-4,-0.9724558932675997,3.813627785099483e-4,0.001680031374207556,4.4053365165099105
0.01,8e-12,0.002,5,180,50,0.033566965974580094,0.011126236779077774,-3.6609513747159827e-4,-0.9802426040585922,5.183440746595166e-4,0.0019827246245459167,3.8251129345855914
0.01,8e-12,0.005,1,60,50,0.049264870477851976,0.013901030907573367,-6.555482717930873e-4,-0.9572388636261455,0.0013091695799066743,0.003931362667079015,3.0029437953784925
0.01,8e-12,0.005,1,120,50,0.050158258678436596,0.015651710507292145,-7.64211187359777e-4,-0.9734398779127499,0.0012324045807374873,0.004289249330176591,3.4803906097215633
0.01,8e-12,0.005,1,180,50,0.04685916834799468,0.014962040683339268,-6.691560930382623e-4,-0.9544254886872514,0.0010813321335990955,0.003757956505752131,3.475302720584271
0.01,8e-12,0.005,3,60,50,0.07382133725908777,0.02320395405273934,-0.0016561154623125928,-0.9668224070657905,0.0026757823937764436,0.009300244243026804,3.4757102313917914
0.01,8e-12,0.005,3,120,50,0.07315556535211916,0.023208403124045547,-0.0016323214515848428,-0.9614197905051857,0.0026257238143867086,0.009155009620726072,3.4866613048045996
0.01,8e-12,0.005,3,180,50,0.09295438298029521,0.028676729778415032,-0.0026003326716088292,-0.9755048125112903,0.00426220680281399,0.01466353748924929,3.440362743442703
0.01,8e-12,0.005,5,60,50,0.0918689702994195,0.032217216077842774,-0.002888940577386232,-0.9760717657619256,0.00369997556090955,0.015255737870454497,4.123199631811687
0.01,8e-12,0.005,5,120,50,0.08851636925727029,0.02939514135714284,-0.0025026970028290403,-0.9618539408366514,0.003693827956237752,0.013704615967553908,3.710139218696144
0.01,8e-12,0.005,5,180,50,0.08419112692473062,0.0287620340934611,-0.002350768320579456,-0.9707869061110547,0.0032138638168906076,0.012616937099208428,3.9257846063356947
0.01,8e-12,0.01,1,60,50,0.11140422959303023,0.03448138917803003,-0.0037441196958971916,-0.9746827733235638,0.006111629179068975,0.021088107962657743,3.4504887886326627
0.01,8e-12,0.01,1,120,50,0.10201807527948102,0.030635255318178678,-0.0030440082325563726,-0.9739736169258606,0.00525819008702711,0.0174342230172526,3.3156319434449375
0.01,8e-12,0.01,1,180,50,0.09351562359177908,0.02870448737591158,-0.0025877096493343776,-0.964010081450689,0.00439370015260443,0.01474453874994193,3.355836365210741
0.01,8e-12,0.01,3,60,50,0.13197409150137068,0.044236797288643596,-0.005504923744025954,-0.9429289060319382,0.0083642075739168,0.030383902550020617,3.63260981766769
0.01,8e-12,0.01,3,120,50,0.15116464503308963,0.04809811633834466,-0.007030491553856844,-0.9669575167211817,0.011103195595563215,0.039225161810990616,3.5327813036694415
0.01,8e-12,0.01,3,180,50,0.15769368236858283,0.0462346028395237,-0.006955274676441388,-0.9539659193820927,0.013094386605809225,0.04091548531157473,3.124658416105027
0.01,8e-12,0.01,5,60,50,0.15549009063639674,0.0520421439744492,-0.007831639228456111,-0.9678204099846963,0.011222274578659899,0.042548831492484396,3.7914623452000176
0.01,8e-12,0.01,5,120,50,0.17468614264767396,0.05977766234882031,-0.010111198130635022,-0.9682895344919912,0.01386622108774302,0.0543110136102831,3.9167854937991047
0.01,8e-12,0.01,5,180,50,0.2047629381444826,0.06107388023391093,-0.012209160801618676,-0.9762902406441929,0.021239558081150026,0.07007620128762466,3.299324826810632
0.02,2e-12,0.002,1,60,50,0.024157204911090063,0.017296437672624367,-4.0903080512369873e-4,-0.9789323209152039,6.467569503197478e-5,0.0017007989155267704,26.29734268315043
0.02,2e-12,0.002,1,120,50,0.004877179265104941,0.005985426174388556,-2.8683750231357784e-5,-0.9825895361286534,2.2447036103096677e-6,1.1697970453574079e-4,52.113652777349465
0.02,2e-12,0.002,1,180,50,0.0046773310284625065,0.005375431753921506,-2.4628434188753878e-5,-0.9795471416172249,1.5158237133779695e-6,1.000295604683935e-4,65.9902332874055
0.02,2e-12,0.002,3,60,50,0.03576102769641376,0.026588068268834184,-9.171782021931115e-4,-0.964621524335994,1.514200717856367e-4,0.0038201328805580826,25.228708687750405
0.02,2e-12,0.002,3,120,50,0.007931818827145916,0.010093065892145547,-7.823950713339732e-5,-0.977305204669813,8.30471474306333e-6,3.212627432766529e-4,38.68438028470438
0.02,2e-12,0.002,3,180,50,0.006441644019171869,0.008346228727162409,-5.243230226859209e-5,-0.9752409400525386,6.28970709865961e-6,2.1601891617302796e-4,34.34482922409271
0.02,2e-12,0.002,5,60,50,0.035676111572755236,0.026532800445925167,-9.140753666967035e-4,-0.9656536829360903,1.4862370306156146e-4,0.0038049251698483743,25.601065586909346
0.02,2e-12,0.002,5,120,50,0.00909796303545364,0.011975465194936601,-1.070174224200549e-4,-0.9822407002768753,1.2149853189509197e-5,4.4021954286972855e-4,36.232498944912074
0.02,2e-12,0.002,5,180,50,0.008761452872190382,0.011079508427739256,-9.535506925793627e-5,-0.982306831803245,8.808424916086637e-6,3.9022870194783076e-4,44.301757200105605
0.02,2e-12,0.005,1,60,50,0.06594289604096674,0.0478954146417557,-0.0030877394982369486,-0.9776394084879031,4.6695728550155365e-4,0.012817915278449348,27.449866778889138
0.02,2e-12,0.005,1,120,50,0.011068794401976619,0.014015106381267581,-1.502617211338467e-4,-0.9686160024987337,1.8417974123782055e-5,6.194648586591695e-4,33.63371315954292
0.02,2e-12,0.005,1,180,50,0.010698070725279061,0.013670354996284582,-1.4284989360456305e-4,-0.9767752887300646,1.5627535758390056e-5,5.870271101766418e-4,37.56363890330443
0.02,2e-12,0.005,3,60,50,0.11194412350937179,0.07468471406171728,-0.008160114809135435,-0.9760301788200009,0.0017890636844910767,0.034429522921032824,19.244436751745237
0.02,2e-12,0.005,3,120,50,0.02065579142263024,0.02679951100666065,-5.465299625448505e-4,-0.9872912022173386,5.1815584401628785e-5,0.0022379354345810312,43.19039262849042
0.02,2e-12,0.005,3,180,50,0.025961122888251816,0.03215893786652678,-8.265903354662032e-4,-0.9900682957918772,5.499651538963596e-5,0.0033613578572544486,61.11946972349258
0.02,2e-12,0.005,5,60,50,0.15067147209961754,0.1039866654451946,-0.015307786253049877,-0.9770205671702722,0.0028995465889768996,0.0641306916011764,22.11748962578484
0.02,2e-12,0.005,5,120,50,0.02311158061524564,0.027800809770836807,-6.301497811224807e-4,-0.980746338742288,4.673062020429239e-5,0.002567329744694215,54.938918710486014
0.02,2e-12,0.005,5,180,50,0.023599436342874796,0.029783964895175204,-6.90560956026126e-4,-0.9824667885209108,6.289604852617876e-5,0.0028251398726306808,44.91760514104146
0.02,2e-12,0.01,1,60,50,0.15513494037655506,0.09722084949795062,-0.014554192999273791,-0.9649817391335954,0.004410357304192885,0.06262712930128803,14.20001260255014
0.02,2e-12,0.01,1,120,50,0.025709501487803293,0.03219867447807878,-8.081312325603374e-4,-0.9762257131521921,8.147063977596702e-5,0.003313995570017316,40.67717620888145
0.02,2e-12,0.01,1,180,50,0.02970159371940901,0.036533246645052406,-0.0010729321573773735,-0.9887903967406023,7.099846514632109e-5,0.0043627270946558164,61.448188854007626
0.02,2e-12,0.01,3,60,50,0.23098853098040256,0.13094158501249317,-0.028777471847615435,-0.9514470572416169,0.012946456434837496,0.12805634382529923,9.891227338525903
0.02,2e-12,0.01,3,120,50,0.042084325621126566,0.051559170492898515,-0.0021418330259216907,-0.9870958295445662,1.4577247305740557e-4,0.008713104576744173,59.77194729565252
0.02,2e-12,0.01,3,180,50,0.037487968421221776,0.04778282227017572,-0.001759479700982173,-0.9822466533390366,1.695864784893748e-4,0.0072075052824180684,42.500471420954966
0.02,2e-12,0.01,5,60,50,0.2689019812586038,0.18826270347833218,-0.047905205541878895,-0.9462903577611332,0.011940709962015156,0.2035615321295307,17.047690864034433
0.02,2e-12,0.01,5,120,50,0.045127078184751354,0.05823984732457658,-0.002586507097141274,-0.9841385208763767,2.5531880760010895e-4,0.010601347196165196,41.52199869572269
0.02,2e-12,0.01,5,180,50,0.046869312440184316,0.06036878001950245,-0.0027869669685028024,-0.9849877729730142,2.671881126530913e-4,0.011415055986664301,42.722918595878
0.02,5e-12,0.002,1,60,50,0.007829915198488187,0.00544744079432761,-4.094251213908418e-5,-0.959897607422555,9.097158945052698e-6,1.728672075013893e-4,19.002329028822736
0.02,5e-12,0.002,1,120,50,0.008155699956796492,0.006084124731659938,-4.816411326171791e-5,-0.9706534891495245,7.203789012250312e-6,1.9986024205912226e-4,27.743766748200493
0.02,5e-12,0.002,1,180,50,0.00894493261454771,0.006540999057881554,-5.7489625199069135e-5,-0.9825808993077617,7.81723775586842e-6,2.3777573855214505e-4,30.41684876139864
0.02,5e-12,0.002,3,60,50,0.019646872493185405,0.014601197514531962,-2.833951433175117e-4,-0.9878943481925474,3.240428098683616e-5,0.0011659848542568828,35.98243252891647
0.02,5e-12,0.002,3,120,50,0.01215569750520022,0.009208025505629993,-1.0896054719892792e-4,-0.9734706853139036,1.4627621152406738e-5,4.5046980994811915e-4,30.795835170642334
0.02,5e-12,0.002,3,180,50,0.013304655630111921,0.010368066057757024,-1.3459963347412947e-4,-0.9757588157461153,1.5311388265622767e-5,5.537099221621411e-4,36.16327354230409
0.02,5e-12,0.002,5,60,50,0.02289901137571068,0.01578740479114314,-3.552003735511655e-4,-0.9825302641662491,6.320612492200353e-5,0.0014840076191266675,23.478857799903658
0.02,5e-12,0.002,5,120,50,0.013129088549537303,0.009797175091344461,-1.229875445825005e-4,-0.9561492394006538,2.2382516747048997e-5,5.143326950770529e-4,22.979216362917036
0.02,5e-12,0.002,5,180,50,0.016070371266121906,0.012467401557553992,-1.9404088003750633e-4,-0.9684816081865852,2.5611174153283292e-5,8.01774694303309e-4,31.305659377608947
0.02,5e-12,0.005,1,60,50,0.029699511525049176,0.020482191326186384,-5.975867880618788e-4,-0.9823703863241016,1.0640757022527558e-4,0.002496754722472791,23.46407043396357
0.02,5e-12,0.005,1,120,50,0.02566509318640724,0.019333248010990067,-4.865431162044879e-4,-0.9805588521723788,5.938525451244541e-5,0.0020055577193303937,33.77198154316385
0.02,5e-12,0.005,1,180,50,0.02079526476052909,0.014786068852343686,-2.9524622011665373e-4,-0.9602120859272235,6.0578428333443335e-5,0.0012415633088000582,20.495138995123657
0.02,5e-12,0.005,3,60,50,0.03839614648501094,0.028433948688507037,-0.0010682583000413495,-0.9784788902259159,1.462369028363721e-4,0.004419270103001768,30.219937767326712
0.02,5e-12,0.005,3,120,50,0.034490899843171385,0.02643306722805036,-8.901100345333284e-4,-0.9763187086967802,1.0810914600765457e-4,0.0036685492841409656,33.93375509488547
0.02,5e-12,0.005,3,180,50,0.03535964955606898,0.0268962422010052,-9.286928942621665e-4,-0.9765007103543762,1.1632687273880887e-4,0.003831098449787475,32.933907355951355
0.02,5e-12,0.005,5,60,50,0.047007505476022685,0.03504164247291405,-0.0016032882433281122,-0.9733296391735359,2.310457916216109e-4,0.006644198764934062,28.757064642040405
0.02,5e-12,0.005,5,120,50,0.0380986215699066,0.03151424672273242,-0.0011702354622220182,-0.9746687927861812,1.041817875841682e-4,0.004785123636472242,45.930519598796025
0.02,5e-12,0.005,5,180,50,0.04421513407941126,0.03475957404369832,-0.0015042932782062639,-0.9787845890552244,1.546195129471348e-4,0.006171792625772188,39.91600095055503
0.02,5e-12,0.01,1,60,50,0.05170110181517895,0.03482269715697959,-0.0017685823250540604,-0.9823428216658016,3.4845951608209586e-4,0.007422788816298335,21.301725089205345
0.02,5e-12,0.01,1,120,50,0.035130522003948755,0.02653057158421082,-9.016349370876969e-4,-0.9673853851614221,1.3475493067946847e-4,0.0037412946790302552,27.763694138431152
0.02,5e-12,0.01,1,180,50,0.0441118956037658,0.03326649877335421,-0.0014257100176403705,-0.9715572243631792,2.0109923911437188e-4,0.005903939309675851,29.35833738444969
0.02,5e-12,0.01,3,60,50,0.0841513792994164,0.06028935489494028,-0.004960897351884328,-0.9778187602875124,7.944662478736611e-4,0.020638055655410964,25.97725921100792
0.02,5e-12,0.01,3,120,50,0.0807018041234874,0.060008556260231403,-0.004744056510818427,-0.9796105006085737,6.25694991586228e-4,0.019601921034859932,31.32823707788711
0.02,5e-12,0.01,3,180,50,0.0662257477170069,0.052179796033601934,-0.0033386374494902265,-0.9661398886681312,4.313058758044938e-4,0.0137858556737654,31.963060201884144
0.02,5e-12,0.01,5,60,50,0.09096380878445819,0.062200960516577204,-0.005423083657423225,-0.9584745290334492,0.0012972066829138244,0.022989541312606714,17.722342642397525
0.02,5e-12,0.01,5,120,50,0.07783815683310677,0.05750646092272874,-0.004335439019020344,-0.968554130306843,6.94893668991967e-4,0.018036649745073338,25.955985138327463
0.02,5e-12,0.01,5,180,50,0.08264711180163109,0.06397821146078578,-0.0051263912130316185,-0.9695092776480594,6.709742048090903e-4,0.02117653905693557,31.560884017830233
0.02,8e-12,0.002,1,60,50,0.014275965873291042,0.007762140736855723,-1.0872845971521654e-4,-0.9811970229767049,4.659711100369116e-5,4.8151094986455863e-4,10.333493632822346
0.02,8e-12,0.002,1,120,50,0.01410457312124469,0.007469907365749628,-1.0338780539170917e-4,-0.9812827261009623,4.796288820199991e-5,4.6151410976883736e-4,9.622316901040866
0.02,8e-12,0.002,1,180,50,0.015830572191083556,0.008225845362941036,-1.280990759694496e-4,-0.983713980143153,6.207339589322615e-5,5.744696997710259e-4,9.254684579512682
0.02,8e-12,0.002,3,60,50,0.01857147069230563,0.010259360930197128,-1.856453183164553e-4,-0.9743553976608003,7.886337373831157e-5,8.214446470041326e-4,10.416047501719769
0.02,8e-12,0.002,3,120,50,0.01890444354407708,0.010261364283525648,-1.8933862747302484e-4,-0.9760458532113006,8.39963277243641e-5,8.413508376164631e-4,10.01651929805045
0.02,8e-12,0.002,3,180,50,0.01862949602824587,0.010504181680146253,-1.907478578988751e-4,-0.9747569456803641,7.590023923819965e-5,8.388916708336988e-4,11.052556345718276
0.02,8e-12,0.002,5,60,50,0.016972849556122913,0.009651513604857538,-1.5680028931896664e-4,-0.9571867335783798,6.762875828159613e-5,6.948299155574652e-4,10.274178222588331
0.02,8e-12,0.002,5,120,50,0.021174902321978228,0.01223766793976929,-2.5473340211025166e-4,-0.9830278354218467,8.867020072887391e-5,0.0011076038091698786,12.491274408598544
0.02,8e-12,0.002,5,180,50,0.021310861699461277,0.012537827638849933,-2.6015063440073486e-4,-0.9736471197769979,9.104867947360664e-5,0.0011316512170765445,12.429078857805836
0.02,8e-12,0.005,1,60,50,0.033056405110212926,0.018502965816100225,-5.988712854820284e-4,-0.9791213520165121,2.3734309183822967e-4,0.0026328282337663403,11.092921278538183
0.02,8e-12,0.005,1,120,50,0.03428433832795261,0.017955628887708325,-5.992649103851466e-4,-0.9734697389345262,2.992906425683334e-4,0.0026963502841089193,9.009136607046758
0.02,8e-12,0.005,1,180,50,0.03483016712289243,0.018102351664068844,-6.132767530552813e-4,-0.9726709533718509,3.1428217146767115e-4,0.002767389183688795,8.8054284809263
0.02,8e-12,0.005,3,60,50,0.0416100878347296,0.02307696672703234,-9.266633519993581e-4,-0.9650384811840911,4.1061909893575177e-4,0.004117272506933188,10.02698734083337
0.02,8e-12,0.005,3,120,50,0.039785868423269255,0.021641736974160424,-8.165051125938197e-4,-0.9482829715269658,4.182698802648019e-4,0.0036842903306400754,8.80840458391982
0.02,8e-12,0.005,3,180,50,0.04613977437934262,0.02556370452750711,-0.0011398604893191834,-0.9663900379350415,5.026607903079619e-4,0.005062102747584695,10.070613911388095
0.02,8e-12,0.005,5,60,50,0.0558698272920952,0.033253473591554436,-0.0018031789314789854,-0.9705646693288301,6.208732445947797e-4,0.007833588970510725,12.61705032179863
0.02,8e-12,0.005,5,120,50,0.060805335060451986,0.035018491690478645,-0.0020780930786489927,-0.9759461915133587,7.673973747919716e-4,0.009079769689387937,11.831900899907701
0.02,8e-12,0.005,5,180,50,0.05974511102091859,0.03739322489624876,-0.0022039957400936836,-0.9865417218748324,5.59740078855955e-4,0.00937572303923069,16.7501370607472
0.02,8e-12,0.01,1,60,50,0.06829761916258816,0.03582417639845297,-0.0023812728494705558,-0.9732566527533874,0.0011853906989642898,0.010710482096846516,9.035402510079228
0.02,8e-12,0.01,1,120,50,0.07196476169077853,0.037815808356686936,-0.002652604562547585,-0.9747185524047091,0.0013037531617850389,0.011914171411975389,9.138364347790384
0.02,8e-12,0.01,1,180,50,0.07078471519728188,0.035888140654211,-0.002481827821036137,-0.9769699399964781,0.0013347789031044747,0.011262090187249014,8.43741998098356
0.02,8e-12,0.01,3,60,50,0.09085410327882683,0.052435724703340875,-0.004558812209759239,-0.9569293648752268,0.0018863488882458017,0.02012159772728276,10.666954481572448
0.02,8e-12,0.01,3,120,50,0.11121875997429222,0.05605393812238125,-0.006029361007342932,-0.9671350203991244,0.0034529345345611006,0.02757037856393284,7.984622438675133
0.02,8e-12,0.01,3,180,50,0.07192280321204267,0.04033465723253313,-0.002795323740826491,-0.9635785785761006,0.001209126714291168,0.012390421677597139,10.247413716982372
0.02,8e-12,0.01,5,60,50,0.10726821269313228,0.06217510978612006,-0.006453372436853141,-0.9676072741157271,0.002465468857588858,0.02827895860500142,11.470012495983116
0.02,8e-12,0.01,5,120,50,0.09094195806522318,0.05373565222600839,-0.004708478272928378,-0.9635044957258471,0.0017410035110345804,0.020574916602748086,11.81784900050062
0.02,8e-12,0.01,5,180,50,0.10845328574555316,0.06632290504016,-0.007066637748523779,-0.9824412164645518,0.0020275674249251386,0.030294118419020258,14.941115174080473
0.035,2e-12,0.002,1,60,50,0.008369197679952254,0.010589604327372725,-8.717996033323755e-5,-0.9836783381255725,7.823268949954177e-6,3.565431102829044e-4,45.57469678771465
0.035,2e-12,0.002,1,120,50,0.005248097746314443,0.008804060714311761,-4.5499671839932034e-5,-0.9847439477294216,1.405467133629537e-5,1.9605335869602253e-4,13.949337839706443
0.035,2e-12,0.002,1,180,50,0.005028661324196275,0.008502953812104896,-4.2245121539740863e-5,-0.9879941125846481,1.3097415164774492e-5,1.820779013237383e-4,13.901819483697588
0.035,2e-12,0.002,3,60,50,0.01547665636634173,0.021665352683708953,-3.3101516050170203e-4,-0.9871996252918976,4.68840781879166e-5,0.0013709447201947244,29.241157620713487
0.035,2e-12,0.002,3,120,50,0.007244640020151318,0.01236670924963359,-8.792046293894317e-5,-0.9813388790157593,2.9579380808664197e-5,3.8126123256443725e-4,12.889425746625525
0.035,2e-12,0.002,3,180,50,0.008926712933749088,0.015546657292706715,-1.375155645972014e-4,-0.9908850183692042,4.6353627584031904e-5,5.964158859728371e-4,12.866649646602696
0.035,2e-12,0.002,5,60,50,0.016633383183511274,0.02284462970491273,-3.7297057407438257e-4,-0.981544183181748,5.260539433533167e-5,0.001544487690632862,29.359872882761163
0.035,2e-12,0.002,5,120,50,0.010594504583103069,0.017593036081322965,-1.8302936653749545e-4,-0.9819725100842961,5.569971284513119e-5,7.878171789951144e-4,14.14400790872262
0.035,2e-12,0.002,5,180,50,0.009956837329425683,0.01641162968075364,-1.61033057079376e-4,-0.9854666171607978,4.6414084224085646e-5,6.905463125415906e-4,14.877947590383473
0.035,2e-12,0.005,1,60,50,0.02521949867827597,0.034244063338429914,-8.539457745581259e-4,-0.9888002168654616,1.0078743839371399e-4,0.003516570536626216,34.89096054697964
0.035,2e-12,0.005,1,120,50,0.011422381407081121,0.01911063567220063,-2.147994204912155e-4,-0.984014084196971,6.608835182199002e-5,9.252860337868508e-4,14.000743070112003
0.035,2e-12,0.005,1,180,50,0.01078802900827531,0.01885221507648771,-2.0079830772037763e-4,-0.9873145949365237,7.01909677327882e-5,8.733841986142951e-4,12.442971322737762
0.035,2e-12,0.005,3,60,50,0.03575687433599394,0.05012223116589944,-0.0017655608296031152,-0.9851281784105104,2.5967046012169014e-4,0.007321913778534154,28.19694537107865
0.035,2e-12,0.005,3,120,50,0.016662388251927025,0.027557781524844692,-4.483392555944439e-4,-0.9763943638617347,1.403879936401385e-4,0.0019337450160179152,13.774290563442001
0.035,2e-12,0.005,3,180,50,0.015759675541264916,0.026390295956146115,-4.0967062224756543e-4,-0.9850160087191638,1.254738493237918e-4,0.0017641563383140565,14.05995231533512
0.035,2e-12,0.005,5,60,50,0.04269390940772622,0.061408067144210036,-0.0025826015783074895,-0.9850676569282245,4.285174542879651e-4,0.010758923767517919,25.107317472972497
0.035,2e-12,0.005,5,120,50,0.023846014933953316,0.03972118734962393,-9.303238160153547e-4,-0.9821913506004615,2.857575206635365e-4,0.004007052784724958,14.022562819765778
0.035,2e-12,0.005,5,180,50,0.02266000861338149,0.03853080103743825,-8.57322186033616e-4,-0.981919656867815,2.8345424687794337e-4,0.0037127429910124073,13.098209082791167
0.035,2e-12,0.01,1,60,50,0.04796285321896015,0.06546331921314501,-0.003089985262613761,-0.9841320504804072,4.059109260781164e-4,0.012765851976533165,31.449885076698852
0.035,2e-12,0.01,1,120,50,0.026473236671148308,0.043940035185906556,-0.0011391808139134816,-0.9793213427048837,3.53197324158372e-4,0.0049099205798123,13.90135271129833
0.035,2e-12,0.01,1,180,50,0.025171144908800798,0.04114952871869578,-0.0010203325616505797,-0.9850854646101592,2.8620512648945854e-4,0.0043675353730917785,15.260157729049773
0.035,2e-12,0.01,3,60,50,0.07018438910346468,0.09718104641808807,-0.006637071079915216,-0.9730930562514426,0.0010958620969106834,0.02764414641657155,25.225935356741008
0.035,2e-12,0.01,3,120,50,0.03510537639195108,0.0602079123682415,-0.002091886263749537,-0.9897166250070302,6.736076358633237e-4,0.009041152690861481,13.421986642526642
0.035,2e-12,0.01,3,180,50,0.0307875954066543,0.05315537556254797,-0.0016095678748645962,-0.9835271065618105,5.542342323901711e-4,0.0069925057318485535,12.616517210950537
0.035,2e-12,0.01,5,60,50,0.07602466419416734,0.10164185099873876,-0.0075852188834954065,-0.9816146733122101,9.40377673294912e-4,0.031281253207276524,33.26456390406709
0.035,2e-12,0.01,5,120,50,0.05170661002448361,0.08283038719003454,-0.004225081434523397,-0.9865050821071428,0.001084283693228266,0.01798460943132186,16.586627230163185
0.035,2e-12,0.01,5,180,50,0.05458442492642931,0.09273744334294669,-0.005014419675929305,-0.9905965725222529,0.001550853490476637,0.021608532194193862,13.933316284797947
0.035,5e-12,0.002,1,60,50,0.008366786521089367,0.008553733296859505,-7.020652148472559e-5,-0.9809865717953188,2.7564270338346266e-6,2.835825129727369e-4,102.88047152774753
0.035,5e-12,0.002,1,120,50,0.0077319120226736855,0.008272339697313636,-6.301504705121647e-5,-0.9852104302739922,2.1839734916842754e-6,2.5424416169654985e-4,116.41357491957346
0.035,5e-12,0.002,1,180,50,0.007137906242965237,0.0076188867841336366,-5.330073190540335e-5,-0.9801009573846766,2.395677552001918e-6,2.1559860517361503e-4,89.99483465270723
0.035,5e-12,0.002,3,60,50,0.012019768663218456,0.013158068185268912,-1.5584314074824915e-4,-0.9853702597097707,5.923315588976356e-6,6.292958785819726e-4,106.24047784202648
0.035,5e-12,0.002,3,120,50,0.0131016198127353,0.013835044157910871,-1.7825667078305877e-4,-0.9834227452908829,6.547547002684765e-6,7.195742301349192e-4,109.89981894591426
0.035,5e-12,0.002,3,180,50,0.01357105903520119,0.014111111136860206,-1.8875279971653067e-4,-0.9856402951290111,5.791501420674712e-6,7.608027002867976e-4,131.36536539054563
0.035,5e-12,0.002,5,60,50,0.011949688007893554,0.013396803849264427,-1.5683726607244e-4,-0.9796963681434527,8.594864716782016e-6,6.359439290065412e-4,73.99115052559473
0.035,5e-12,0.002,5,120,50,0.013131141505855396,0.01461675454283111,-1.8879337906517338e-4,-0.9836335292829756,8.489632481824719e-6,7.636631487425188e-4,89.95243909290886
0.035,5e-12,0.002,5,180,50,0.012859521689899308,0.014719716270810998,-1.852352057094229e-4,-0.9785866298475389,1.1566933767323079e-5,7.525077566050146e-4,65.05680517777932
0.035,5e-12,0.005,1,60,50,0.01737562378686955,0.017865699178851554,-3.038284244340901e-4,-0.9787414464774014,1.3438660263863405e-5,0.0012287523580002241,91.4341410433853
0.035,5e-12,0.005,1,120,50,0.019410454633876233,0.020401614492379507,-3.8829841555481655e-4,-0.9805401332133773,1.6394791879803933e-5,0.00156958845409907,95.7370160967143
0.035,5e-12,0.005,1,180,50,0.018570240219319748,0.019235651260043465,-3.507287104721244e-4,-0.9818539734588896,1.340668025700384e-5,0.0014163215221455016,105.64297014584167
0.035,5e-12,0.005,3,60,50,0.03362489042580815,0.03453500188874953,-0.001142240398737481,-0.9836422042714505,3.88188141285766e-5,0.0046077804090784965,118.69966954210648
0.035,5e-12,0.005,3,120,50,0.035031896453571756,0.037880007977543255,-0.0013043737598603799,-0.9829430203520133,5.3381253791753613e-5,0.0052708762932332735,98.74021156931919
0.035,5e-12,0.005,3,180,50,0.03244899950469573,0.03365297029504859,-0.0010774361833645507,-0.9866584583555597,3.058761180606598e-5,0.004340332345264268,141.89837287014072
0.035,5e-12,0.005,5,60,50,0.030435068193483017,0.03610859044309309,-0.0010757129292591505,-0.9788396971718141,7.86978212106932e-5,0.004381549538247297,55.675614278022046
0.035,5e-12,0.005,5,120,50,0.030984983569187986,0.03461555334164112,-0.0010585020350395817,-0.9868909099135603,4.1301669851686756e-5,0.0042753098100100145,103.51421202490222
0.035,5e-12,0.005,5,180,50,0.03235232494897552,0.03519846949230848,-0.0011123791416888038,-0.9768402834341307,6.084690082746418e-5,0.004510363467582683,74.12642889359554
0.035,5e-12,0.01,1,60,50,0.041203033379876665,0.04254250430068541,-0.0017248681934209187,-0.9840194264570878,5.78182450352304e-5,0.006957291018718907,120.330373474318
0.035,5e-12,0.01,1,120,50,0.03181148606297596,0.032927437615381625,-0.0010046392793292217,-0.9591096509620173,8.690823479131856e-5,0.004105465352108207,47.23908340752895
0.035,5e-12,0.01,1,180,50,0.03673607930812503,0.040516337422750306,-0.0014546226479615343,-0.9772987917053069,8.186782516394034e-5,0.005900358417010075,72.07176207740471
0.035,5e-12,0.01,3,60,50,0.057378517141682225,0.061066031998409445,-0.003438401903669217,-0.9813131469395207,1.4455068607065535e-4,0.013898158300747521,96.14730084334708
0.035,5e-12,0.01,3,120,50,0.053976957825928464,0.053370473297527796,-0.0028198121435303613,-0.9788377689477207,1.2229510908346323e-4,0.011401543683204908,93.22976011594749
0.035,5e-12,0.01,3,180,50,0.06355825693411442,0.06745395547797695,-0.0042293944076060895,-0.986503855115555,1.3089931891562041e-4,0.01704847694933998,130.24114327385976
0.035,5e-12,0.01,5,60,50,0.06504268684531513,0.07508706100173392,-0.004790970712336202,-0.980979511544934,2.866764172634372e-4,0.019450559266608252,67.84848036081893
0.035,5e-12,0.01,5,120,50,0.06988113272664145,0.0764385365694045,-0.005241779722843129,-0.9813105471578382,2.4266313834439893e-4,0.02120978202971693,87.40421876360558
0.035,5e-12,0.01,5,180,50,0.06635765258050803,0.07128802220790842,-0.004619581060082234,-0.9765511860300676,2.4615804614618557e-4,0.01872448228647512,76.0669113994967
0.035,8e-12,0.002,1,60,50,0.0094095126849606,0.007454710985864062,-6.848488707185577e-5,-0.976330375142871,7.1418707074860765e-6,2.810814189949083e-4,39.35683387551108
0.035,8e-12,0.002,1,120,50,0.01152772643367342,0.008985545892442518,-1.0088298640445446e-4,-0.9739346155366517,1.1862538905894565e-5,4.1539448452371225e-4,35.01733379498551
0.035,8e-12,0.002,1,180,50,0.010502021061223787,0.008513161382711163,-8.70758287615355e-5,-0.9739437285256062,8.614705575401207e-6,3.569180206215436e-4,41.431250029101676
0.035,8e-12,0.002,3,60,50,0.015387666045750259,0.012895875720467714,-1.941798934829488e-4,-0.9785446954561525,1.4724089967385989e-5,7.914436638991816e-4,53.75161831068932
0.035,8e-12,0.002,3,120,50,0.014306098470054622,0.011496426431770733,-1.6027137790505395e-4,-0.9744776799126547,1.628951832590846e-5,6.573750299461242e-4,40.355707074565245
0.035,8e-12,0.002,3,180,50,0.01715258133443911,0.013935924386114205,-2.361592517010578e-4,-0.987960759709516,1.610253152792599e-5,9.607395383321573e-4,59.66388183534896
0.035,8e-12,0.002,5,60,50,0.016243276115235374,0.014145521411294304,-2.241347636685253e-4,-0.9754761023131027,1.5670267616110764e-5,9.122093222902121e-4,58.21274688074633
0.035,8e-12,0.002,5,120,50,0.015347586427243697,0.013704983166780774,-2.066512240693275e-4,-0.9824702035970481,1.007252460480482e-5,8.366774208821148e-4,83.06531417982349
0.035,8e-12,0.002,5,180,50,0.014233470951995345,0.012225578276665634,-1.670280520652561e-4,-0.9598628564728796,1.8000355409661266e-5,6.861125636706862e-4,38.116612036584094
0.035,8e-12,0.005,1,60,50,0.026304581090599532,0.020508687071261016,-5.259971169953544e-4,-0.975021327171436,6.054299774812342e-5,0.0021645314657295443,35.75197043817732
0.035,8e-12,0.005,1,120,50,0.028446994321865402,0.022808847836034093,-6.358178932881783e-4,-0.9799253929195889,5.783923897924349e-5,0.002601110812131957,44.97138721111815
0.035,8e-12,0.005,1,180,50,0.02622094231104646,0.020873042416916836,-5.34584954895701e-4,-0.9767483389340107,5.4051805626234345e-5,0.0021923916252090375,40.560932235443175
0.035,8e-12,0.005,3,60,50,0.03585792948116252,0.03049740204847795,-0.0010720758094490029,-0.9803416242353005,7.173101948452565e-5,0.004360034257280539,60.78310734480942
0.035,8e-12,0.005,3,120,50,0.039348662296547196,0.03321451790543993,-0.0012890668647633512,-0.9863192725379288,7.338769469180509e-5,0.005229655153745209,71.26065446949083
0.035,8e-12,0.005,3,180,50,0.03899510856602408,0.03134387404602738,-0.0011919979679043315,-0.9752426991173953,1.1906099648057029e-4,0.004887052868097897,41.04663166409346
0.035,8e-12,0.005,5,60,50,0.0406570602003841,0.03499514990499298,-0.0013902363080008846,-0.9771130093329825,9.718444500881884e-5,0.005658129677012355,58.22052774493817
0.035,8e-12,0.005,5,120,50,0.042590643441276575,0.037401138025525214,-0.0015588745041173046,-0.9786156031133922,9.505902611173563e-5,0.006330557042580953,66.59606458769943
0.035,8e-12,0.005,5,180,50,0.03736051676219983,0.032137857706864253,-0.0011696834492469427,-0.9741785135960046,8.92832122313848e-5,0.004768017009219154,53.40328702402021
0.035,8e-12,0.01,1,60,50,0.05191731260140543,0.04120688190238498,-0.002077232015960368,-0.9709638270634723,2.3895043194841338e-4,0.008547878495789888,35.77260114614597
0.035,8e-12,0.01,1,120,50,0.05667905807322623,0.045236527161904364,-0.0025234702051409653,-0.98420666247756206,2.1191860345593273e-4,0.01030579942401979,48.630933084469966
0.035,8e-12,0.01,1,180,50,0.06008374852792824,0.04601299242716392,-0.0026978871016602067,-0.9758572068128816,3.314781059491462e-4,0.011123026512589975,33.55584068136439
0.035,8e-12,0.01,3,60,50,0.07896781340450633,0.059776512928466766,-0.004579601025575854,-0.9701680194026505,6.49945000624369e-4,0.01896834910292779,29.184544976430104
0.035,8e-12,0.01,3,120,50,0.07326999080677378,0.058779419354649025,-0.004220314004120655,-0.9799261252654192,3.828836842530941e-4,0.017264139700735717,45.089776375333244
0.035,8e-12,0.01,3,180,50,0.0744043039826157,0.06338769904835793,-0.004619845976817876,-0.9795451325528679,3.1430888814692597e-4,0.018793692795418433,59.79370455038861
0.035,8e-12,0.01,5,60,50,0.07533667565399282,0.06651665802498748,-0.004899446596810096,-0.9777102200953086,3.011872997878618e-4,0.01989897368702824,66.06843549194762
0.035,8e-12,0.01,5,120,50,0.09723591228668237,0.08126529002886683,-0.007761748154191138,-0.9822629523047578,5.353736933169578e-4,0.03158236631008152,58.99125546197463
0.035,8e-12,0.01,5,180,50,0.07837594784883566,0.06849326245032057,-0.005245551281033717,-0.9771482940335574,3.430136402244672e-4,0.021325218764359336,62.17017711133636
