model,taxon_a,taxon_b,diff_logr,se,z,p,p_holm,resolved_raw,resolved_holm
within-curve only (naive),Acinetobacter,Aeromonas_A,-0.38892046650928247,0.002585659600752222,-150.41441123809858,0,0,TRUE,TRUE
within-curve only (naive),Acinetobacter,Aeromonas_B,-0.8412367592438135,0.0026556976014794603,-316.7667729846838,0,0,TRUE,TRUE
within-curve only (naive),Acinetobacter,Arthrobacter,-0.5334368510434087,0.0025821442714760484,-206.58677244957988,0,0,TRUE,TRUE
within-curve only (naive),Acinetobacter,Bacillus,-0.6791285309498933,0.002322779269648499,-292.3775581364924,0,0,TRUE,TRUE
within-curve only (naive),Acinetobacter,Burkholderia,-0.40426456335748995,0.0023537947035592263,-171.75013723422538,0,0,TRUE,TRUE
within-curve only (naive),Acinetobacter,Buttiauxella,-0.41908742916416486,0.0023464211131631074,-178.6070824257166,0,0,TRUE,TRUE
within-curve only (naive),Acinetobacter,Chromobacterium,-0.5756849978050087,0.002290708249643013,-251.3131027902502,0,0,TRUE,TRUE
within-curve only (naive),Acinetobacter,Chryseobacterium,-0.12380586784136671,0.0023709030336910818,-52.218866010991015,0,0,TRUE,TRUE
within-curve only (naive),Acinetobacter,Flavobacterium_A,-0.3594997566177387,0.0025707005679895993,-139.84505278220064,0,0,TRUE,TRUE
within-curve only (naive),Acinetobacter,Flavobacterium_B,0.06813214091142594,0.002878841727036147,23.666511524956256,7.980793010929802e-124,9.576951613115761e-123,TRUE,TRUE
within-curve only (naive),Acinetobacter,Herbaspirillum,-0.38961678225995255,0.0022231240462768954,-175.25642930831978,0,0,TRUE,TRUE
within-curve only (naive),Acinetobacter,Pseudomonas,-0.4628723596091837,0.0022629470469353982,-204.5440525159569,0,0,TRUE,TRUE
within-curve only (naive),Acinetobacter,Serratia,-0.6009287969728594,0.0022126050688538743,-271.5933382924678,0,0,TRUE,TRUE
within-curve only (naive),Acinetobacter,Yersinia,-1.0139047407858555,0.002009065252953289,-504.6649128471234,0,0,TRUE,TRUE
within-curve only (naive),Aeromonas_A,Aeromonas_B,-0.452316292734531,0.0025554273650408104,-177.00221063700923,0,0,TRUE,TRUE
within-curve only (naive),Aeromonas_A,Arthrobacter,-0.14451638453412619,0.0024789006245132606,-58.29857925930468,0,0,TRUE,TRUE
within-curve only (naive),Aeromonas_A,Bacillus,-0.29020806444061087,0.002207438063231781,-131.46827051434195,0,0,TRUE,TRUE
within-curve only (naive),Aeromonas_A,Burkholderia,-0.015344096848207478,0.0022400510650427427,-6.849887079656684,7.390830469037178e-12,1.4781660938074357e-11,TRUE,TRUE
within-curve only (naive),Aeromonas_A,Buttiauxella,-0.03016696265488239,0.0022323017958585387,-13.513837022775963,1.2958736072816273e-41,7.775241643689764e-41,TRUE,TRUE
within-curve only (naive),Aeromonas_A,Chromobacterium,-0.18676453129572623,0.002173665924763559,-85.92145148341578,0,0,TRUE,TRUE
within-curve only (naive),Aeromonas_A,Chryseobacterium,0.26511459866791576,0.0022580213600985346,117.41013763321831,0,0,TRUE,TRUE
within-curve only (naive),Aeromonas_A,Flavobacterium_A,0.029420709891543773,0.002466978045657827,11.925809369616282,8.683595237566253e-33,4.341797618783127e-32,TRUE,TRUE
within-curve only (naive),Aeromonas_A,Flavobacterium_B,0.4570526074207084,0.0027866124518526303,164.01728454089303,0,0,TRUE,TRUE
within-curve only (naive),Aeromonas_A,Herbaspirillum,-6.963157506700846e-4,0.002102322475889514,-0.33121262729946616,0.7404838828195708,0.7404838828195708,FALSE,FALSE
within-curve only (naive),Aeromonas_A,Pseudomonas,-0.07395189309990124,0.0021443900309247154,-34.4862138106524,1.2910587433333714e-260,2.3239057380000684e-259,TRUE,TRUE
within-curve only (naive),Aeromonas_A,Serratia,-0.21200833046357692,0.0020911959396989845,-101.38138011787373,0,0,TRUE,TRUE
within-curve only (naive),Aeromonas_A,Yersinia,-0.624984274276573,0.0018745192605358644,-333.410430841831,0,0,TRUE,TRUE
within-curve only (naive),Aeromonas_B,Arthrobacter,0.3077999082004048,0.002551870389685544,120.61737517881292,0,0,TRUE,TRUE
within-curve only (naive),Aeromonas_B,Bacillus,0.16210822829392013,0.002289077758082083,70.81813962918562,0,0,TRUE,TRUE
within-curve only (naive),Aeromonas_B,Burkholderia,0.4369721958863235,0.002320543676283803,188.3059562085492,0,0,TRUE,TRUE
within-curve only (naive),Aeromonas_B,Buttiauxella,0.4221493300796486,0.0023130640906241394,182.50654263788215,0,0,TRUE,TRUE
within-curve only (naive),Aeromonas_B,Chromobacterium,0.26555176143880477,0.002256527804397685,117.68158181843727,0,0,TRUE,TRUE
within-curve only (naive),Aeromonas_B,Chryseobacterium,0.7174308914024468,0.002337895344578721,306.8704050701315,0,0,TRUE,TRUE
within-curve only (naive),Aeromonas_B,Flavobacterium_A,0.4817370026260748,0.0025402903096495345,189.63856248876394,0,0,TRUE,TRUE
within-curve only (naive),Aeromonas_B,Flavobacterium_B,0.9093689001552394,0.0028517193298713234,318.8844324999797,0,0,TRUE,TRUE
within-curve only (naive),Aeromonas_B,Herbaspirillum,0.4516199769838609,0.0021878880163691736,206.41823237979506,0,0,TRUE,TRUE
within-curve only (naive),Aeromonas_B,Pseudomonas,0.37836439963462976,0.0022283408142092895,169.79646794688793,0,0,TRUE,TRUE
within-curve only (naive),Aeromonas_B,Serratia,0.24030796227095408,0.002177198805289755,110.3748365501112,0,0,TRUE,TRUE
within-curve only (naive),Aeromonas_B,Yersinia,-0.172667981542042,0.001970004222752211,-87.64853371776775,0,0,TRUE,TRUE
within-curve only (naive),Arthrobacter,Bacillus,-0.14569167990648468,0.0022033193755692584,-66.12372292548065,0,0,TRUE,TRUE
within-curve only (naive),Arthrobacter,Burkholderia,0.1291722876859187,0.0022359924511843863,57.76955446226898,0,0,TRUE,TRUE
within-curve only (naive),Arthrobacter,Buttiauxella,0.1143494218792438,0.002228229067117582,51.31852176543287,0,0,TRUE,TRUE
within-curve only (naive),Arthrobacter,Chromobacterium,-0.04224814676160005,0.0021694831228273362,-19.473830571468554,1.8305685345427754e-84,1.8305685345427754e-83,TRUE,TRUE
within-curve only (naive),Arthrobacter,Chryseobacterium,0.40963098320204194,0.0022539951043459854,181.73552480758366,0,0,TRUE,TRUE
within-curve only (naive),Arthrobacter,Flavobacterium_A,0.17393709442566996,0.0024632933535233157,70.61160384202027,0,0,TRUE,TRUE
within-curve only (naive),Arthrobacter,Flavobacterium_B,0.6015689919548346,0.0027833509344986594,216.1312051953628,0,0,TRUE,TRUE
within-curve only (naive),Arthrobacter,Herbaspirillum,0.1438200687834561,0.0020979974405095567,68.55111736863007,0,0,TRUE,TRUE
within-curve only (naive),Arthrobacter,Pseudomonas,0.07056449143422494,0.002140150011677624,32.97175013395941,2.0641911431083233e-238,3.5091249432841495e-237,TRUE,TRUE
within-curve only (naive),Arthrobacter,Serratia,-0.06749194592945074,0.0020868478444697283,-32.34157493001152,1.8223978700062408e-229,2.915836592009985e-228,TRUE,TRUE
within-curve only (naive),Arthrobacter,Yersinia,-0.4804678897424468,0.0018696673302687717,-256.9804167639693,0,0,TRUE,TRUE
within-curve only (naive),Bacillus,Burkholderia,0.2748639675924034,0.0019306726129890075,142.36694804867383,0,0,TRUE,TRUE
within-curve only (naive),Bacillus,Buttiauxella,0.2600411017857285,0.0019216761621927698,135.31993938510587,0,0,TRUE,TRUE
within-curve only (naive),Bacillus,Chromobacterium,0.10344353314488464,0.0018532381166555183,55.81772369951358,0,0,TRUE,TRUE
within-curve only (naive),Bacillus,Chryseobacterium,0.5553226631085266,0.0019514938962773905,284.56284909106967,0,0,TRUE,TRUE
within-curve only (naive),Bacillus,Flavobacterium_A,0.31962877433215464,0.0021898969478732063,145.95608009891657,0,0,TRUE,TRUE
within-curve only (naive),Bacillus,Flavobacterium_B,0.7472606718613193,0.002544577945626112,293.66782540334026,0,0,TRUE,TRUE
within-curve only (naive),Bacillus,Herbaspirillum,0.2895117486899408,0.0017690188685191837,163.65667650130055,0,0,TRUE,TRUE
within-curve only (naive),Bacillus,Pseudomonas,0.21625617134070962,0.0018188118564810315,118.89969298919894,0,0,TRUE,TRUE
within-curve only (naive),Bacillus,Serratia,0.07819973397703395,0.001755781427957419,44.538421885466285,0,0,TRUE,TRUE
within-curve only (naive),Bacillus,Yersinia,-0.3347762098359621,0.0014911372916893329,-224.51065485505288,0,0,TRUE,TRUE
within-curve only (naive),Burkholderia,Buttiauxella,-0.014822865806674912,0.0019590521287945824,-7.566345779576329,3.8386942287288295e-14,1.1516082686186487e-13,TRUE,TRUE
within-curve only (naive),Burkholderia,Chromobacterium,-0.17142043444751875,0.0018919665663059547,-90.60436769885177,0,0,TRUE,TRUE
within-curve only (naive),Burkholderia,Chryseobacterium,0.28045869551612324,0.0019883094322068087,141.05384754164967,0,0,TRUE,TRUE
within-curve only (naive),Burkholderia,Flavobacterium_A,0.04476480673975125,0.0022227673322457835,20.139222891368895,3.345438723099974e-90,3.679982595409971e-89,TRUE,TRUE
within-curve only (naive),Burkholderia,Flavobacterium_B,0.4723967042689159,0.0025729210816427027,183.60326231510774,0,0,TRUE,TRUE
within-curve only (naive),Burkholderia,Herbaspirillum,0.014647781097537393,0.0018095506978726915,8.094706113930563,5.740276903410048e-16,2.296110761364019e-15,TRUE,TRUE
within-curve only (naive),Burkholderia,Pseudomonas,-0.05860779625169377,0.0018582579315774839,-31.53910727664234,2.529151677135578e-218,3.7937275157033676e-217,TRUE,TRUE
within-curve only (naive),Burkholderia,Serratia,-0.19666423361536944,0.00179661192074272,-109.46394785918396,0,0,TRUE,TRUE
within-curve only (naive),Burkholderia,Yersinia,-0.6096401774283655,0.0015390050011813642,-396.1261834499538,0,0,TRUE,TRUE
within-curve only (naive),Buttiauxella,Chromobacterium,-0.15659756864084384,0.0018827851767564123,-83.17335964511041,0,0,TRUE,TRUE
within-curve only (naive),Buttiauxella,Chryseobacterium,0.29528156132279815,0.0019795749372015937,149.16412396098528,0,0,TRUE,TRUE
within-curve only (naive),Buttiauxella,Flavobacterium_A,0.05958767254642616,0.0022149575948747116,26.902398801813955,2.058783670545386e-159,2.8822971387635407e-158,TRUE,TRUE
within-curve only (naive),Buttiauxella,Flavobacterium_B,0.4872195700755908,0.002566177200848684,189.86201339270647,0,0,TRUE,TRUE
within-curve only (naive),Buttiauxella,Herbaspirillum,0.029470646904212305,0.0017999489609335246,16.373045871771644,2.9792336892607114e-60,2.68131032033464e-59,TRUE,TRUE
within-curve only (naive),Buttiauxella,Pseudomonas,-0.043784930445018855,0.0018489091578724895,-23.681493630223283,5.594146428928558e-124,7.272390357607126e-123,TRUE,TRUE
within-curve only (naive),Buttiauxella,Serratia,-0.18184136780869453,0.0017869406614515703,-101.7612793370435,0,0,TRUE,TRUE
within-curve only (naive),Buttiauxella,Yersinia,-0.5948173116216906,0.0015277038088109165,-389.3538185812764,0,0,TRUE,TRUE
within-curve only (naive),Chromobacterium,Chryseobacterium,0.451879129963642,0.0019132091304093375,236.18909338309552,0,0,TRUE,TRUE
within-curve only (naive),Chromobacterium,Flavobacterium_A,0.21618524118727,0.002155850039260182,100.27842254809977,0,0,TRUE,TRUE
within-curve only (naive),Chromobacterium,Flavobacterium_B,0.6438171387164346,0.002515336492567256,255.95666449355582,0,0,TRUE,TRUE
within-curve only (naive),Chromobacterium,Herbaspirillum,0.18606821554505615,0.0017266929393064173,107.75987514016043,0,0,TRUE,TRUE
within-curve only (naive),Chromobacterium,Pseudomonas,0.11281263819582499,0.0017776718816333117,63.460889133361086,0,0,TRUE,TRUE
within-curve only (naive),Chromobacterium,Serratia,-0.02524379916785069,0.0017131284751103564,-14.735496802844592,3.813823712772015e-49,3.051058970217612e-48,TRUE,TRUE
within-curve only (naive),Chromobacterium,Yersinia,-0.43821974298084676,0.001440670389832574,-304.1776565087688,0,0,TRUE,TRUE
within-curve only (naive),Chryseobacterium,Flavobacterium_A,-0.23569388877637198,0.002240876235306436,-105.17934237637236,0,0,TRUE,TRUE
within-curve only (naive),Chryseobacterium,Flavobacterium_B,0.19193800875279265,0.0025885815770463104,74.1479466804375,0,0,TRUE,TRUE
within-curve only (naive),Chryseobacterium,Herbaspirillum,-0.26581091441858584,0.0018317492778307989,-145.1131536589797,0,0,TRUE,TRUE
within-curve only (naive),Chryseobacterium,Pseudomonas,-0.339066491767817,0.001879881440126674,-180.36589144949977,0,0,TRUE,TRUE
within-curve only (naive),Chryseobacterium,Serratia,-0.4771229291314927,0.0018189684116050378,-262.3041313347958,0,0,TRUE,TRUE
within-curve only (naive),Chryseobacterium,Yersinia,-0.8900988729444888,0.001565045712534736,-568.7366610543863,0,0,TRUE,TRUE
within-curve only (naive),Flavobacterium_A,Flavobacterium_B,0.42763189752916464,0.0027727377799063578,154.22731302907656,0,0,TRUE,TRUE
within-curve only (naive),Flavobacterium_A,Herbaspirillum,-0.030117025642213857,0.0020838967421468193,-14.452263892493761,2.425795272206081e-47,1.6980566905442567e-46,TRUE,TRUE
within-curve only (naive),Flavobacterium_A,Pseudomonas,-0.10337260299144502,0.002126328865446079,-48.61552917392138,0,0,TRUE,TRUE
within-curve only (naive),Flavobacterium_A,Serratia,-0.2414290403551207,0.0020726712950956375,-116.48206878070391,0,0,TRUE,TRUE
within-curve only (naive),Flavobacterium_A,Yersinia,-0.6544049841681168,0.0018538307089429264,-353.0014801304404,0,0,TRUE,TRUE
within-curve only (naive),Flavobacterium_B,Herbaspirillum,-0.4577489231713785,0.00245394659905071,-186.53581269798417,0,0,TRUE,TRUE
within-curve only (naive),Flavobacterium_B,Pseudomonas,-0.5310045005206097,0.002490080866777549,-213.24789391590744,0,0,TRUE,TRUE
within-curve only (naive),Flavobacterium_B,Serratia,-0.6690609378842853,0.002444421112774116,-273.70935981034125,0,0,TRUE,TRUE
within-curve only (naive),Flavobacterium_B,Yersinia,-1.0820368816972814,0.0022618392021720403,-478.3880660739292,0,0,TRUE,TRUE
within-curve only (naive),Herbaspirillum,Pseudomonas,-0.07325557734923116,0.0016896903736784792,-43.35443847605805,0,0,TRUE,TRUE
within-curve only (naive),Herbaspirillum,Serratia,-0.21131201471290684,0.001621648979399036,-130.3068773805886,0,0,TRUE,TRUE
within-curve only (naive),Herbaspirillum,Yersinia,-0.6242879585259029,0.001330589122265901,-469.1816189379211,0,0,TRUE,TRUE
within-curve only (naive),Pseudomonas,Serratia,-0.13805643736367568,0.0016758264302979052,-82.38110753458753,0,0,TRUE,TRUE
within-curve only (naive),Pseudomonas,Yersinia,-0.5510323811766717,0.0013961075260850882,-394.6919351705351,0,0,TRUE,TRUE
within-curve only (naive),Serratia,Yersinia,-0.41297594381299607,0.0013129387182483582,-314.54319845480916,0,0,TRUE,TRUE
within-curve only (AR(1)-corrected),Acinetobacter,Aeromonas_A,-0.38892046650928247,0.002510388456092784,-154.9244164047048,0,0,TRUE,TRUE
within-curve only (AR(1)-corrected),Acinetobacter,Aeromonas_B,-0.8412367592438135,0.002594191545635623,-324.2770414000773,0,0,TRUE,TRUE
within-curve only (AR(1)-corrected),Acinetobacter,Arthrobacter,-0.5334368510434087,0.0024600520777956067,-216.83965793171686,0,0,TRUE,TRUE
within-curve only (AR(1)-corrected),Acinetobacter,Bacillus,-0.6791285309498933,0.0022179548610873167,-306.1958306117021,0,0,TRUE,TRUE
within-curve only (AR(1)-corrected),Acinetobacter,Burkholderia,-0.40426456335748995,0.002291298331916976,-176.43471289889555,0,0,TRUE,TRUE
within-curve only (AR(1)-corrected),Acinetobacter,Buttiauxella,-0.41908742916416486,0.0022641582833240756,-185.0963478352276,0,0,TRUE,TRUE
within-curve only (AR(1)-corrected),Acinetobacter,Chromobacterium,-0.5756849978050087,0.002265152478164705,-254.14845285446128,0,0,TRUE,TRUE
within-curve only (AR(1)-corrected),Acinetobacter,Chryseobacterium,-0.12380586784136671,0.002325167971657827,-53.245988827677714,0,0,TRUE,TRUE
within-curve only (AR(1)-corrected),Acinetobacter,Flavobacterium_A,-0.3594997566177387,0.002540844375382905,-141.4883021175046,0,0,TRUE,TRUE
within-curve only (AR(1)-corrected),Acinetobacter,Flavobacterium_B,0.06813214091142594,0.002849531920776281,23.909941283572326,2.4139111526362786e-126,2.8966933831635344e-125,TRUE,TRUE
within-curve only (AR(1)-corrected),Acinetobacter,Herbaspirillum,-0.38961678225995255,0.002180993645949387,-178.64186949079914,0,0,TRUE,TRUE
within-curve only (AR(1)-corrected),Acinetobacter,Pseudomonas,-0.4628723596091837,0.002189765742008789,-211.37985252457472,0,0,TRUE,TRUE
within-curve only (AR(1)-corrected),Acinetobacter,Serratia,-0.6009287969728594,0.002137604814910576,-281.1224941023528,0,0,TRUE,TRUE
within-curve only (AR(1)-corrected),Acinetobacter,Yersinia,-1.0139047407858555,0.0019391393744742364,-522.863263018811,0,0,TRUE,TRUE
within-curve only (AR(1)-corrected),Aeromonas_A,Aeromonas_B,-0.452316292734531,0.0025073548859392233,-180.3958008780632,0,0,TRUE,TRUE
within-curve only (AR(1)-corrected),Aeromonas_A,Arthrobacter,-0.14451638453412619,0.002368302128965482,-61.02109302973671,0,0,TRUE,TRUE
within-curve only (AR(1)-corrected),Aeromonas_A,Bacillus,-0.29020806444061087,0.0021157321461888344,-137.16673207588022,0,0,TRUE,TRUE
within-curve only (AR(1)-corrected),Aeromonas_A,Burkholderia,-0.015344096848207478,0.002192497843657199,-6.998454704344309,2.58801000808682e-12,5.17602001617364e-12,TRUE,TRUE
within-curve only (AR(1)-corrected),Aeromonas_A,Buttiauxella,-0.03016696265488239,0.0021641191003595383,-13.93960371675966,3.639553881743772e-44,2.1837323290462633e-43,TRUE,TRUE
within-curve only (AR(1)-corrected),Aeromonas_A,Chromobacterium,-0.18676453129572623,0.0021651592315420263,-86.25902823909747,0,0,TRUE,TRUE
within-curve only (AR(1)-corrected),Aeromonas_A,Chryseobacterium,0.26511459866791576,0.0022278700242651787,118.99913180768203,0,0,TRUE,TRUE
within-curve only (AR(1)-corrected),Aeromonas_A,Flavobacterium_A,0.029420709891543773,0.002452119264740379,11.998074610232601,3.6365789039084234e-33,1.8182894519542116e-32,TRUE,TRUE
within-curve only (AR(1)-corrected),Aeromonas_A,Flavobacterium_B,0.4570526074207084,0.0027707094607913895,164.95869158730264,0,0,TRUE,TRUE
within-curve only (AR(1)-corrected),Aeromonas_A,Herbaspirillum,-6.963157506700846e-4,0.002076952583057098,-0.33525837631072297,0.7374301894640058,0.7374301894640058,FALSE,FALSE
within-curve only (AR(1)-corrected),Aeromonas_A,Pseudomonas,-0.07395189309990124,0.002086162206893619,-35.4487742398606,3.0295944930787383e-275,5.453270087541729e-274,TRUE,TRUE
within-curve only (AR(1)-corrected),Aeromonas_A,Serratia,-0.21200833046357692,0.0020313426823962595,-104.36856976464588,0,0,TRUE,TRUE
within-curve only (AR(1)-corrected),Aeromonas_A,Yersinia,-0.624984274276573,0.0018213347474399883,-343.14629705222035,0,0,TRUE,TRUE
within-curve only (AR(1)-corrected),Aeromonas_B,Arthrobacter,0.3077999082004048,0.002456956358795545,125.27691307927635,0,0,TRUE,TRUE
within-curve only (AR(1)-corrected),Aeromonas_B,Bacillus,0.16210822829392013,0.0022145207358207873,73.2023980050187,0,0,TRUE,TRUE
within-curve only (AR(1)-corrected),Aeromonas_B,Burkholderia,0.4369721958863235,0.0022879742938689013,190.98649711986738,0,0,TRUE,TRUE
within-curve only (AR(1)-corrected),Aeromonas_B,Buttiauxella,0.4221493300796486,0.002260794341709216,186.7261087359646,0,0,TRUE,TRUE
within-curve only (AR(1)-corrected),Aeromonas_B,Chromobacterium,0.26555176143880477,0.002261790015208107,117.40778748391963,0,0,TRUE,TRUE
within-curve only (AR(1)-corrected),Aeromonas_B,Chryseobacterium,0.7174308914024468,0.0023218924221381915,308.9854140364422,0,0,TRUE,TRUE
within-curve only (AR(1)-corrected),Aeromonas_B,Flavobacterium_A,0.4817370026260748,0.0025378472104274374,189.8211210851177,0,0,TRUE,TRUE
within-curve only (AR(1)-corrected),Aeromonas_B,Flavobacterium_B,0.9093689001552394,0.0028468597596443598,319.4287660551432,0,0,TRUE,TRUE
within-curve only (AR(1)-corrected),Aeromonas_B,Herbaspirillum,0.4516199769838609,0.002177501230133058,207.40285733673926,0,0,TRUE,TRUE
within-curve only (AR(1)-corrected),Aeromonas_B,Pseudomonas,0.37836439963462976,0.002186287338945795,173.06252151516057,0,0,TRUE,TRUE
within-curve only (AR(1)-corrected),Aeromonas_B,Serratia,0.24030796227095408,0.0021340413932930775,112.60698270717728,0,0,TRUE,TRUE
within-curve only (AR(1)-corrected),Aeromonas_B,Yersinia,-0.172667981542042,0.00193521054079284,-89.22439078453,0,0,TRUE,TRUE
within-curve only (AR(1)-corrected),Arthrobacter,Bacillus,-0.14569167990648468,0.0020557549803902654,-70.87015782339319,0,0,TRUE,TRUE
within-curve only (AR(1)-corrected),Arthrobacter,Burkholderia,0.1291722876859187,0.0021346786220468967,60.511351147583156,0,0,TRUE,TRUE
within-curve only (AR(1)-corrected),Arthrobacter,Buttiauxella,0.1143494218792438,0.002105520720753787,54.309331061014746,0,0,TRUE,TRUE
within-curve only (AR(1)-corrected),Arthrobacter,Chromobacterium,-0.04224814676160005,0.0021065897851537748,-20.055231948500147,1.8169451890247466e-89,1.8169451890247465e-88,TRUE,TRUE
within-curve only (AR(1)-corrected),Arthrobacter,Chryseobacterium,0.40963098320204194,0.002170993060790821,188.68369070365748,0,0,TRUE,TRUE
within-curve only (AR(1)-corrected),Arthrobacter,Flavobacterium_A,0.17393709442566996,0.002400561374656659,72.45684124637195,0,0,TRUE,TRUE
within-curve only (AR(1)-corrected),Arthrobacter,Flavobacterium_B,0.6015689919548346,0.0027251856709408777,220.74422244673747,0,0,TRUE,TRUE
within-curve only (AR(1)-corrected),Arthrobacter,Herbaspirillum,0.1438200687834561,0.00201582193093788,71.34562164255375,0,0,TRUE,TRUE
within-curve only (AR(1)-corrected),Arthrobacter,Pseudomonas,0.07056449143422494,0.0020253095512671204,34.841336421919685,5.75952469044835e-266,9.791191973762195e-265,TRUE,TRUE
within-curve only (AR(1)-corrected),Arthrobacter,Serratia,-0.06749194592945074,0.0019687963628337492,-34.28081603742273,1.5158379943536571e-257,2.4253407909658514e-256,TRUE,TRUE
within-curve only (AR(1)-corrected),Arthrobacter,Yersinia,-0.4804678897424468,0.0017513041675319726,-274.3486246706914,0,0,TRUE,TRUE
within-curve only (AR(1)-corrected),Bacillus,Burkholderia,0.2748639675924034,0.0018504919237268816,148.5356212951358,0,0,TRUE,TRUE
within-curve only (AR(1)-corrected),Bacillus,Buttiauxella,0.2600411017857285,0.0018167787553463753,143.1330595541617,0,0,TRUE,TRUE
within-curve only (AR(1)-corrected),Bacillus,Chromobacterium,0.10344353314488464,0.001818017619075405,56.89908175779575,0,0,TRUE,TRUE
within-curve only (AR(1)-corrected),Bacillus,Chryseobacterium,0.5553226631085266,0.0018922680598573432,293.46934236705977,0,0,TRUE,TRUE
within-curve only (AR(1)-corrected),Bacillus,Flavobacterium_A,0.31962877433215464,0.0021517812281567667,148.54148281884179,0,0,TRUE,TRUE
within-curve only (AR(1)-corrected),Bacillus,Flavobacterium_B,0.7472606718613193,0.002508805389314974,297.8551764293514,0,0,TRUE,TRUE
within-curve only (AR(1)-corrected),Bacillus,Herbaspirillum,0.2895117486899408,0.0017120179898600651,169.10555286489983,0,0,TRUE,TRUE
within-curve only (AR(1)-corrected),Bacillus,Pseudomonas,0.21625617134070962,0.0017231791313755517,125.49836949805685,0,0,TRUE,TRUE
within-curve only (AR(1)-corrected),Bacillus,Serratia,0.07819973397703395,0.001656389645784402,47.210953157100654,0,0,TRUE,TRUE
within-curve only (AR(1)-corrected),Bacillus,Yersinia,-0.3347762098359621,0.0013908752020110333,-240.69464273424185,0,0,TRUE,TRUE
within-curve only (AR(1)-corrected),Burkholderia,Buttiauxella,-0.014822865806674912,0.0019056257045659785,-7.778477048855162,7.340281502575632e-15,2.20208445077269e-14,TRUE,TRUE
within-curve only (AR(1)-corrected),Burkholderia,Chromobacterium,-0.17142043444751875,0.0019068068447782702,-89.89921287357876,0,0,TRUE,TRUE
within-curve only (AR(1)-corrected),Burkholderia,Chryseobacterium,0.28045869551612324,0.001977726647032125,141.80862453210787,0,0,TRUE,TRUE
within-curve only (AR(1)-corrected),Burkholderia,Flavobacterium_A,0.04476480673975125,0.0022273048138664138,20.098195119528032,7.652657527060773e-90,8.41792327976685e-89,TRUE,TRUE
within-curve only (AR(1)-corrected),Burkholderia,Flavobacterium_B,0.4723967042689159,0.002573874270721186,183.53526807529448,0,0,TRUE,TRUE
within-curve only (AR(1)-corrected),Burkholderia,Herbaspirillum,0.014647781097537393,0.001806025990297248,8.110504043813103,5.041021030982329e-16,2.0164084123929317e-15,TRUE,TRUE
within-curve only (AR(1)-corrected),Burkholderia,Pseudomonas,-0.05860779625169377,0.0018166096440437771,-32.262184913448266,2.373742678527969e-228,3.5606140177919535e-227,TRUE,TRUE
within-curve only (AR(1)-corrected),Burkholderia,Serratia,-0.19666423361536944,0.0017533827131252417,-112.16275382619332,0,0,TRUE,TRUE
within-curve only (AR(1)-corrected),Burkholderia,Yersinia,-0.6096401774283655,0.0015050774423908857,-405.0556870083201,0,0,TRUE,TRUE
within-curve only (AR(1)-corrected),Buttiauxella,Chromobacterium,-0.15659756864084384,0.0018741069951827114,-83.55849961788161,0,0,TRUE,TRUE
within-curve only (AR(1)-corrected),Buttiauxella,Chryseobacterium,0.29528156132279815,0.0019462187380868679,151.72064452172512,0,0,TRUE,TRUE
within-curve only (AR(1)-corrected),Buttiauxella,Flavobacterium_A,0.05958767254642616,0.0021993752340089697,27.092999696014193,1.1906022156058052e-161,1.6668431018481273e-160,TRUE,TRUE
within-curve only (AR(1)-corrected),Buttiauxella,Flavobacterium_B,0.4872195700755908,0.0025497438003807414,191.08569653266204,0,0,TRUE,TRUE
within-curve only (AR(1)-corrected),Buttiauxella,Herbaspirillum,0.029470646904212305,0.0017714667831287903,16.63629664687295,3.804305351053983e-62,3.423874815948585e-61,TRUE,TRUE
within-curve only (AR(1)-corrected),Buttiauxella,Pseudomonas,-0.043784930445018855,0.0017822556732782107,-24.567143256434463,2.8368723025515562e-133,3.687933993317023e-132,TRUE,TRUE
within-curve only (AR(1)-corrected),Buttiauxella,Serratia,-0.18184136780869453,0.0017177647175285512,-105.8592983970007,0,0,TRUE,TRUE
within-curve only (AR(1)-corrected),Buttiauxella,Yersinia,-0.5948173116216906,0.0014634284381866438,-406.45466228518677,0,0,TRUE,TRUE
within-curve only (AR(1)-corrected),Chromobacterium,Chryseobacterium,0.451879129963642,0.0019473752575893328,232.04522508056604,0,0,TRUE,TRUE
within-curve only (AR(1)-corrected),Chromobacterium,Flavobacterium_A,0.21618524118727,0.002200398699636657,98.24821348193299,0,0,TRUE,TRUE
within-curve only (AR(1)-corrected),Chromobacterium,Flavobacterium_B,0.6438171387164346,0.0025506266808317337,252.41527643178748,0,0,TRUE,TRUE
within-curve only (AR(1)-corrected),Chromobacterium,Herbaspirillum,0.18606821554505615,0.0017727373130611724,104.96096301135138,0,0,TRUE,TRUE
within-curve only (AR(1)-corrected),Chromobacterium,Pseudomonas,0.11281263819582499,0.001783518517516162,63.25285500984583,0,0,TRUE,TRUE
within-curve only (AR(1)-corrected),Chromobacterium,Serratia,-0.02524379916785069,0.001719074937917665,-14.684525154225556,8.099963754636322e-49,6.479971003709058e-48,TRUE,TRUE
within-curve only (AR(1)-corrected),Chromobacterium,Yersinia,-0.43821974298084676,0.0014649661467365312,-299.1330167984141,0,0,TRUE,TRUE
within-curve only (AR(1)-corrected),Chryseobacterium,Flavobacterium_A,-0.23569388877637198,0.00226213279549419,-104.19100472166659,0,0,TRUE,TRUE
within-curve only (AR(1)-corrected),Chryseobacterium,Flavobacterium_B,0.19193800875279265,0.002604071199498657,73.7068974111557,0,0,TRUE,TRUE
within-curve only (AR(1)-corrected),Chryseobacterium,Herbaspirillum,-0.26581091441858584,0.0018488071636076635,-143.77427762660582,0,0,TRUE,TRUE
within-curve only (AR(1)-corrected),Chryseobacterium,Pseudomonas,-0.339066491767817,0.0018591472909403163,-182.3774229293713,0,0,TRUE,TRUE
within-curve only (AR(1)-corrected),Chryseobacterium,Serratia,-0.4771229291314927,0.001797417310828037,-265.4491676792024,0,0,TRUE,TRUE
within-curve only (AR(1)-corrected),Chryseobacterium,Yersinia,-0.8900988729444888,0.0015561542848226034,-571.9862623042915,0,0,TRUE,TRUE
within-curve only (AR(1)-corrected),Flavobacterium_A,Flavobacterium_B,0.42763189752916464,0.0027983335854665265,152.8166262057251,0,0,TRUE,TRUE
within-curve only (AR(1)-corrected),Flavobacterium_A,Herbaspirillum,-0.030117025642213857,0.0021136631642006214,-14.248734685975375,4.564771692866211e-46,3.1953401850063474e-45,TRUE,TRUE
within-curve only (AR(1)-corrected),Flavobacterium_A,Pseudomonas,-0.10337260299144502,0.002122713521156891,-48.6983297374515,0,0,TRUE,TRUE
within-curve only (AR(1)-corrected),Flavobacterium_A,Serratia,-0.2414290403551207,0.0020688627389838753,-116.69649987204994,0,0,TRUE,TRUE
within-curve only (AR(1)-corrected),Flavobacterium_A,Yersinia,-0.6544049841681168,0.0018630888872148098,-351.2473230122731,0,0,TRUE,TRUE
within-curve only (AR(1)-corrected),Flavobacterium_B,Herbaspirillum,-0.4577489231713785,0.0024761894110319187,-184.8602215694872,0,0,TRUE,TRUE
within-curve only (AR(1)-corrected),Flavobacterium_B,Pseudomonas,-0.5310045005206097,0.00248391922584256,-213.77687929465168,0,0,TRUE,TRUE
within-curve only (AR(1)-corrected),Flavobacterium_B,Serratia,-0.6690609378842853,0.0024380596917146797,-274.4235262811539,0,0,TRUE,TRUE
within-curve only (AR(1)-corrected),Flavobacterium_B,Yersinia,-1.0820368816972814,0.002266063156505426,-477.49634805674515,0,0,TRUE,TRUE
within-curve only (AR(1)-corrected),Herbaspirillum,Pseudomonas,-0.07325557734923116,0.0016753375291740295,-43.72586184787935,0,0,TRUE,TRUE
within-curve only (AR(1)-corrected),Herbaspirillum,Serratia,-0.21131201471290684,0.0016065603557017451,-131.53070406782558,0,0,TRUE,TRUE
within-curve only (AR(1)-corrected),Herbaspirillum,Yersinia,-0.6242879585259029,0.0013311436231376286,-468.9861767540894,0,0,TRUE,TRUE
within-curve only (AR(1)-corrected),Pseudomonas,Serratia,-0.13805643736367568,0.0016184489172402757,-85.3016958972575,0,0,TRUE,TRUE
within-curve only (AR(1)-corrected),Pseudomonas,Yersinia,-0.5510323811766717,0.0013454679730947432,-409.54700683750127,0,0,TRUE,TRUE
within-curve only (AR(1)-corrected),Serratia,Yersinia,-0.41297594381299607,0.001258794823026077,-328.0724835046775,0,0,TRUE,TRUE
joint posterior (includes replicate spread),Acinetobacter,Aeromonas_A,-0.3920265388957338,0.09462524367683371,-4.142938223066476,3.4288433198243486e-5,0.00216017129148934,TRUE,TRUE
joint posterior (includes replicate spread),Acinetobacter,Aeromonas_B,-0.8413858628915323,0.09412495448799817,-8.939030754047451,3.925985833591805e-19,3.965245691927723e-17,TRUE,TRUE
joint posterior (includes replicate spread),Acinetobacter,Arthrobacter,-0.5370668056233594,0.0945706523943894,-5.6790007473314414,1.3548388777196207e-8,1.1516130460616776e-6,TRUE,TRUE
joint posterior (includes replicate spread),Acinetobacter,Bacillus,-0.680587013883799,0.09452533302592633,-7.200048834497395,6.019099819714758e-13,5.898717823320462e-11,TRUE,TRUE
joint posterior (includes replicate spread),Acinetobacter,Burkholderia,-0.4073029762914624,0.09533690134693099,-4.272248945969902,1.93511364117703e-5,0.0012578238667650694,TRUE,TRUE
joint posterior (includes replicate spread),Acinetobacter,Buttiauxella,-0.42108166470132025,0.09453805435775352,-4.454097004237589,8.424700698240652e-6,5.728796474803643e-4,TRUE,TRUE
joint posterior (includes replicate spread),Acinetobacter,Chromobacterium,-0.5781910024257502,0.09423275051566694,-6.135775505455731,8.474476010369944e-10,7.457538889125551e-8,TRUE,TRUE
joint posterior (includes replicate spread),Acinetobacter,Chryseobacterium,-0.12718912665951443,0.09433017272962886,-1.3483398045296344,0.17754911519912436,1,FALSE,FALSE
joint posterior (includes replicate spread),Acinetobacter,Flavobacterium_A,-0.3617693207617938,0.09449901641853836,-3.8282866263867654,1.2903843101499043e-4,0.007871344291914417,TRUE,TRUE
joint posterior (includes replicate spread),Acinetobacter,Flavobacterium_B,0.06415758831892404,0.09448720445797831,0.679008217958836,0.4971326549315457,1,FALSE,FALSE
joint posterior (includes replicate spread),Acinetobacter,Herbaspirillum,-0.3922579518115761,0.09405216048618821,-4.170642649609098,3.0374184925519756e-5,0.0019439478352332644,TRUE,TRUE
joint posterior (includes replicate spread),Acinetobacter,Pseudomonas,-0.4648905691230323,0.0944379364221372,-4.922709948309049,8.535391473993277e-7,6.657605349714757e-5,TRUE,TRUE
joint posterior (includes replicate spread),Acinetobacter,Serratia,-0.6030692081583511,0.09387558956399131,-6.424132311278455,1.3262381230803964e-10,1.2201390732339647e-8,TRUE,TRUE
joint posterior (includes replicate spread),Acinetobacter,Yersinia,-1.0146824966058752,0.09474914200252245,-10.709147071525585,9.220740161251494e-27,9.589569767701554e-25,TRUE,TRUE
joint posterior (includes replicate spread),Aeromonas_A,Aeromonas_B,-0.4493593239957985,0.09352850373835235,-4.804517404158299,1.5512520786854602e-6,1.132414017440386e-4,TRUE,TRUE
joint posterior (includes replicate spread),Aeromonas_A,Arthrobacter,-0.1450402667276256,0.09397703043014125,-1.5433586916267026,0.12274377049589395,1,FALSE,FALSE
joint posterior (includes replicate spread),Aeromonas_A,Bacillus,-0.28856047498806525,0.09393142465559405,-3.0720334120992185,0.0021260592593943927,0.1148072000072972,TRUE,FALSE
joint posterior (includes replicate spread),Aeromonas_A,Burkholderia,-0.015276437395728593,0.09474808025813354,-0.16123215746545116,0.8719105544482966,1,FALSE,FALSE
joint posterior (includes replicate spread),Aeromonas_A,Buttiauxella,-0.029055125805586446,0.09394422641076365,-0.3092805903637465,0.757108094324163,1,FALSE,FALSE
joint posterior (includes replicate spread),Aeromonas_A,Chromobacterium,-0.18616446353001637,0.09363698640983269,-1.9881509504717199,0.04679499782564578,1,TRUE,FALSE
joint posterior (includes replicate spread),Aeromonas_A,Chryseobacterium,0.26483741223621937,0.0937350278250819,2.8253836199892115,0.004722403963883656,0.2356224301530407,TRUE,FALSE
joint posterior (includes replicate spread),Aeromonas_A,Flavobacterium_A,0.03025721813394,0.09390494160712975,0.32221113837147325,0.7472927468997643,1,FALSE,FALSE
joint posterior (includes replicate spread),Aeromonas_A,Flavobacterium_B,0.45618412721465784,0.09389305491063255,4.858550269227624,1.1824838803234991e-6,8.986877490458593e-5,TRUE,TRUE
joint posterior (includes replicate spread),Aeromonas_A,Herbaspirillum,-2.314129158422773e-4,0.093455245151286,-0.002476189704148381,0.9980242884844588,1,FALSE,FALSE
joint posterior (includes replicate spread),Aeromonas_A,Pseudomonas,-0.07286403022729848,0.09384347494545847,-0.7764421582816154,0.43748796065858303,1,FALSE,FALSE
joint posterior (includes replicate spread),Aeromonas_A,Serratia,-0.21104266926261728,0.09327754429740427,-2.2625238566501387,0.023665056589092223,0.9702673201527812,TRUE,FALSE
joint posterior (includes replicate spread),Aeromonas_A,Yersinia,-0.6226559577101414,0.0941566453543319,-6.612979417086833,3.7666084373540643e-11,3.5029458467392798e-9,TRUE,TRUE
joint posterior (includes replicate spread),Aeromonas_B,Arthrobacter,0.3043190572681729,0.09347327192805044,3.2556799499050126,0.0011312118689161684,0.0644790765282216,TRUE,FALSE
joint posterior (includes replicate spread),Aeromonas_B,Bacillus,0.16079884900773322,0.09342742024853898,1.7211098045945221,0.08523090046873642,1,FALSE,FALSE
joint posterior (includes replicate spread),Aeromonas_B,Burkholderia,0.4340828866000699,0.0942484431121771,4.605730049921487,4.110213095859339e-6,2.918251298060131e-4,TRUE,TRUE
joint posterior (includes replicate spread),Aeromonas_B,Buttiauxella,0.42030419819021203,0.09344029105468578,4.498104548328405,6.856198181034751e-6,4.730776744913978e-4,TRUE,TRUE
joint posterior (includes replicate spread),Aeromonas_B,Chromobacterium,0.2631948604657821,0.09313138858828832,2.8260596610376325,0.004712448603060814,0.2356224301530407,TRUE,FALSE
joint posterior (includes replicate spread),Aeromonas_B,Chryseobacterium,0.7141967362320178,0.09322996169599367,7.660592402267486,1.8507737259858493e-14,1.8322659887259907e-12,TRUE,TRUE
joint posterior (includes replicate spread),Aeromonas_B,Flavobacterium_A,0.4796165421297385,0.093400794293764,5.135037081389795,2.820883994229791e-7,2.3131248752684286e-5,TRUE,TRUE
joint posterior (includes replicate spread),Aeromonas_B,Flavobacterium_B,0.9055434512104563,0.09338884342853072,9.696484269060008,3.1206674113523673e-22,3.214287433692938e-20,TRUE,TRUE
joint posterior (includes replicate spread),Aeromonas_B,Herbaspirillum,0.4491279110799562,0.09294865874639899,4.831999914117709,1.351683134509787e-6,1.0137623508823402e-4,TRUE,TRUE
joint posterior (includes replicate spread),Aeromonas_B,Pseudomonas,0.3764952937685,0.09333899563583518,4.0336334369549824,5.492096996101512e-5,0.0034051001375829375,TRUE,TRUE
joint posterior (includes replicate spread),Aeromonas_B,Serratia,0.2383166547331812,0.09276998753164617,2.5688982080749487,0.010202242081154798,0.4693031357331207,TRUE,FALSE
joint posterior (includes replicate spread),Aeromonas_B,Yersinia,-0.1732966337143429,0.09365385299521316,-1.8503951324159664,0.06425662006703647,1,FALSE,FALSE
joint posterior (includes replicate spread),Arthrobacter,Bacillus,-0.14352020826043965,0.0938764299024511,-1.5288204761256303,0.1263089547967662,1,FALSE,FALSE
joint posterior (includes replicate spread),Arthrobacter,Burkholderia,0.129763829331897,0.09469355979158238,1.3703553823248722,0.17057599271763682,1,FALSE,FALSE
joint posterior (includes replicate spread),Arthrobacter,Buttiauxella,0.11598514092203915,0.09388923915613064,1.235340087580907,0.21670396023667785,1,FALSE,FALSE
joint posterior (includes replicate spread),Arthrobacter,Chromobacterium,-0.04112419680239077,0.09358181862581783,-0.43944643741989875,0.6603380847709787,1,FALSE,FALSE
joint posterior (includes replicate spread),Arthrobacter,Chryseobacterium,0.40987767896384497,0.09367991777733983,4.375299303080622,1.212659710255805e-5,8.003554087688313e-4,TRUE,TRUE
joint posterior (includes replicate spread),Arthrobacter,Flavobacterium_A,0.1752974848615656,0.09384993133529038,1.8678488344897544,0.06178314436207193,1,FALSE,FALSE
joint posterior (includes replicate spread),Arthrobacter,Flavobacterium_B,0.6012243939422834,0.09383803767050615,6.407043549369233,1.4836845067709476e-10,1.3501529011615624e-8,TRUE,TRUE
joint posterior (includes replicate spread),Arthrobacter,Herbaspirillum,0.14480885381178332,0.09339997001973414,1.5504164913670442,0.12104158284146957,1,FALSE,FALSE
joint posterior (includes replicate spread),Arthrobacter,Pseudomonas,0.07217623650032712,0.09378842862122791,0.7695644074794838,0.4415583249283975,1,FALSE,FALSE
joint posterior (includes replicate spread),Arthrobacter,Serratia,-0.06600240253499168,0.09322216380000245,-0.7080119130960351,0.47893785947207446,1,FALSE,FALSE
joint posterior (includes replicate spread),Arthrobacter,Yersinia,-0.4776156909825158,0.09410178222425811,-5.075522266350799,3.864330982479576e-7,3.091464785983661e-5,TRUE,TRUE
joint posterior (includes replicate spread),Bacillus,Burkholderia,0.27328403759233666,0.09464829927348846,2.8873634253339944,0.0038848522118167137,0.20201231501446912,TRUE,FALSE
joint posterior (includes replicate spread),Bacillus,Buttiauxella,0.2595053491824788,0.09384359071710195,2.7652964597739635,0.005687108416237552,0.2729812039794025,TRUE,FALSE
joint posterior (includes replicate spread),Bacillus,Chromobacterium,0.10239601145804889,0.09353602015628693,1.0947227740389,0.2736381081239057,1,FALSE,FALSE
joint posterior (includes replicate spread),Bacillus,Chryseobacterium,0.5533978872242846,0.09363416729020983,5.910213154446952,3.4166532574516665e-9,2.97248833398295e-7,TRUE,TRUE
joint posterior (includes replicate spread),Bacillus,Flavobacterium_A,0.31881769312200525,0.09380426376770179,3.398754814722814,6.769337179013468e-4,0.03926215563827811,TRUE,TRUE
joint posterior (includes replicate spread),Bacillus,Flavobacterium_B,0.7447446022027231,0.09379236431188405,7.94035428860982,2.0160456359150263e-15,2.0160456359150264e-13,TRUE,TRUE
joint posterior (includes replicate spread),Bacillus,Herbaspirillum,0.288329062072223,0.09335408233735194,3.088553332143457,0.002011335890484411,0.1106234739766426,TRUE,FALSE
joint posterior (includes replicate spread),Bacillus,Pseudomonas,0.21569644476076677,0.09374273109207462,2.3009404809094858,0.021394995560620203,0.9199848091066687,TRUE,FALSE
joint posterior (includes replicate spread),Bacillus,Serratia,0.07751780572544797,0.09317618855113327,0.8319486655424602,0.40543792086422986,1,FALSE,FALSE
joint posterior (includes replicate spread),Bacillus,Yersinia,-0.3340954827220761,0.09405623693909698,-3.552082175458589,3.821954791373456e-4,0.022549533269103392,TRUE,TRUE
joint posterior (includes replicate spread),Burkholderia,Buttiauxella,-0.013778688409857853,0.09466100408009158,-0.14555823217552039,0.8842701426091111,1,FALSE,FALSE
joint posterior (includes replicate spread),Burkholderia,Chromobacterium,-0.17088802613428777,0.09435609806180778,-1.8110967880671358,0.07012587064657677,1,FALSE,FALSE
joint posterior (includes replicate spread),Burkholderia,Chryseobacterium,0.28011384963194796,0.09445339305129898,2.965630355701612,0.0030206330349496105,0.16009355085232935,TRUE,FALSE
joint posterior (includes replicate spread),Burkholderia,Flavobacterium_A,0.04553365552966859,0.09462201686591097,0.4812162859960427,0.6303627871850075,1,FALSE,FALSE
joint posterior (includes replicate spread),Burkholderia,Flavobacterium_B,0.47146056461038643,0.09461022026179494,4.983188531913496,6.254495590975308e-7,4.941051516870493e-5,TRUE,TRUE
joint posterior (includes replicate spread),Burkholderia,Herbaspirillum,0.015045024479886315,0.09417574456207532,0.1597547707198586,0.8730742541145986,1,FALSE,FALSE
joint posterior (includes replicate spread),Burkholderia,Pseudomonas,-0.05758759283156989,0.09456101631948118,-0.6089993009064758,0.5425249022805014,1,FALSE,FALSE
joint posterior (includes replicate spread),Burkholderia,Serratia,-0.19576623186688868,0.09399940578369903,-2.0826326532038313,0.03728472046598867,1,TRUE,FALSE
joint posterior (includes replicate spread),Burkholderia,Yersinia,-0.6073795203144128,0.09487181816490987,-6.402106885509901,1.5324731773947148e-10,1.3792258596552434e-8,TRUE,TRUE
joint posterior (includes replicate spread),Buttiauxella,Chromobacterium,-0.15710933772442992,0.09354887602085123,-1.6794358671868128,0.09306712799084862,1,FALSE,FALSE
joint posterior (includes replicate spread),Buttiauxella,Chryseobacterium,0.2938925380418058,0.09364700968113333,3.138301362131108,0.001699300674980384,0.0951608377989015,TRUE,FALSE
joint posterior (includes replicate spread),Buttiauxella,Flavobacterium_A,0.059312343939526446,0.09381708287453755,0.6322126218616858,0.5272479507617867,1,FALSE,FALSE
joint posterior (includes replicate spread),Buttiauxella,Flavobacterium_B,0.4852392530202443,0.09380518504486018,5.172840422287848,2.3056191417729244e-7,1.9136638876715272e-5,TRUE,TRUE
joint posterior (includes replicate spread),Buttiauxella,Herbaspirillum,0.02882371288974417,0.09336696325326409,0.3087142591492232,0.7575388960807328,1,FALSE,FALSE
joint posterior (includes replicate spread),Buttiauxella,Pseudomonas,-0.043808904421712036,0.09375555861221399,-0.46726727535069945,0.640308666383258,1,FALSE,FALSE
joint posterior (includes replicate spread),Buttiauxella,Serratia,-0.18198754345703083,0.09318909405613737,-1.9528845655200922,0.05083327498697621,1,FALSE,FALSE
joint posterior (includes replicate spread),Buttiauxella,Yersinia,-0.5936008319045549,0.09406902170869445,-6.310269003782896,2.785508789801643e-10,2.4791028229234623e-8,TRUE,TRUE
joint posterior (includes replicate spread),Chromobacterium,Chryseobacterium,0.45100187576623574,0.09333879134752415,4.831880392440915,1.3524950482854137e-6,1.0137623508823402e-4,TRUE,TRUE
joint posterior (includes replicate spread),Chromobacterium,Flavobacterium_A,0.21642168166395637,0.09350942512434893,2.314437088840602,0.020643758410460147,0.9083253700602465,TRUE,FALSE
joint posterior (includes replicate spread),Chromobacterium,Flavobacterium_B,0.6423485907446742,0.0934974881443284,6.870222970622547,6.410163251597373e-12,6.089655089017504e-10,TRUE,TRUE
joint posterior (includes replicate spread),Chromobacterium,Herbaspirillum,0.1859330506141741,0.09305781737787931,1.9980379494519722,0.04571254600699006,1,TRUE,FALSE
joint posterior (includes replicate spread),Chromobacterium,Pseudomonas,0.11330043330271788,0.09344769830598644,1.212447554692309,0.2253411067126889,1,FALSE,FALSE
joint posterior (includes replicate spread),Chromobacterium,Serratia,-0.02487820573260091,0.09287935615087987,-0.2678550623476219,0.7888108851113699,1,FALSE,FALSE
joint posterior (includes replicate spread),Chromobacterium,Yersinia,-0.436491494180125,0.09376219063796025,-4.6553039259239375,3.2350314300515066e-6,2.3292226296370847e-4,TRUE,TRUE
joint posterior (includes replicate spread),Chryseobacterium,Flavobacterium_A,-0.23458019410227937,0.09360760014304344,-2.5059951728685834,0.012210728683775015,0.5494827907698756,TRUE,FALSE
joint posterior (includes replicate spread),Chryseobacterium,Flavobacterium_B,0.19134671497843847,0.09359567568404278,2.044396961504722,0.04091434724606394,1,TRUE,FALSE
joint posterior (includes replicate spread),Chryseobacterium,Herbaspirillum,-0.26506882515206165,0.09315646833467027,-2.845415137462981,0.004435357612915322,0.2262032382586814,TRUE,FALSE
joint posterior (includes replicate spread),Chryseobacterium,Pseudomonas,-0.33770144246351785,0.09354593810604686,-3.610006477038992,3.061893592770303e-4,0.018371361556621817,TRUE,TRUE
joint posterior (includes replicate spread),Chryseobacterium,Serratia,-0.47588008149883665,0.09297819645731828,-5.118190066391423,3.084816492608066e-7,2.4987013590125336e-5,TRUE,TRUE
joint posterior (includes replicate spread),Chryseobacterium,Yersinia,-0.8874933699463607,0.0938601012714289,-9.455491288890338,3.2150857864037e-21,3.2793875021317744e-19,TRUE,TRUE
joint posterior (includes replicate spread),Flavobacterium_A,Flavobacterium_B,0.42592690908071784,0.09376584198748543,4.5424527744076,5.560345551087858e-6,3.8922418857615006e-4,TRUE,TRUE
joint posterior (includes replicate spread),Flavobacterium_A,Herbaspirillum,-0.030488631049782278,0.09332743545955816,-0.3266845477929585,0.743906488645883,1,FALSE,FALSE
joint posterior (includes replicate spread),Flavobacterium_A,Pseudomonas,-0.10312124836123848,0.09371619472113621,-1.1003567597690895,0.2711767106077811,1,FALSE,FALSE
joint posterior (includes replicate spread),Flavobacterium_A,Serratia,-0.24129988739655728,0.09314949078403618,-2.590458470202511,0.00958481857600715,0.4504864730723361,TRUE,FALSE
joint posterior (includes replicate spread),Flavobacterium_A,Yersinia,-0.6529131758440814,0.09402978904343269,-6.943684363074541,3.82003505076211e-12,3.6672336487316255e-10,TRUE,TRUE
joint posterior (includes replicate spread),Flavobacterium_B,Herbaspirillum,-0.4564155401305001,0.09331547519929695,-4.891102350984318,1.002728027308913e-6,7.72100581027863e-5,TRUE,TRUE
joint posterior (includes replicate spread),Flavobacterium_B,Pseudomonas,-0.5290481574419563,0.09370428408147906,-5.645933509101153,1.6428733566532903e-8,1.3800136195887638e-6,TRUE,TRUE
joint posterior (includes replicate spread),Flavobacterium_B,Serratia,-0.6672267964772751,0.0931375076729985,-7.1638893196485105,7.841972587770172e-13,7.606713410137068e-11,TRUE,TRUE
joint posterior (includes replicate spread),Flavobacterium_B,Yersinia,-1.0788400849247992,0.09401791813141294,-11.474834865167482,1.765143359285633e-30,1.8534005272499147e-28,TRUE,TRUE
joint posterior (includes replicate spread),Herbaspirillum,Pseudomonas,-0.0726326173114562,0.09326558819338693,-0.7787718784430105,0.4361141060412397,1,FALSE,FALSE
joint posterior (includes replicate spread),Herbaspirillum,Serratia,-0.210811256346775,0.09269612948431968,-2.274218540941728,0.022952850011604034,0.9640197004873694,TRUE,FALSE
joint posterior (includes replicate spread),Herbaspirillum,Yersinia,-0.6224245447942991,0.09358069253644671,-6.651206866757098,2.90699351992236e-11,2.7325739087270187e-9,TRUE,TRUE
joint posterior (includes replicate spread),Pseudomonas,Serratia,-0.1381786390353188,0.09308752529166132,-1.48439480588165,0.1377042119239183,1,FALSE,FALSE
joint posterior (includes replicate spread),Pseudomonas,Yersinia,-0.5497919274828429,0.09396840404706733,-5.850816910835908,4.891644610733292e-9,4.206814365230631e-7,TRUE,TRUE
joint posterior (includes replicate spread),Serratia,Yersinia,-0.4116132884475241,0.0934032303481428,-4.40684210720886,1.0488858859344336e-5,7.027535435760705e-4,TRUE,TRUE
