Taxon,Replicate,n_shifts,max_abs_dK_pct,max_abs_dR_pct,max_abs_dr_pct,n,sigma,r,K,O2_0,O2_ref,t_end,min_O2_norm,min_O2_abs,O2_frac_remaining,growth_at_end,Nfold_at_end,late_slope,late_mean_sd,curvature,p_sat_growth,rss_gain_growth,p_sat_o2,rss_gain_o2
Acinetobacter,R1,24,13.590407459205691,12.484222688874748,0.20684416561547725,113,0.0013926059541148,0.01943645650227968,0.00156154306091662,1.0010946527484397,6.193333333333333,112.02,0.37136706135629705,2.3,0.370960987891338,2.17727185738537,8.822205164194141,-3.540927453678856e-6,0.02826884785723184,3.506304309255231e-8,1,-2.1886746103527832e-4,1,-1.101890554877594e-6
Acinetobacter,R2,24,10.566374416755975,0.5065128188082015,0.4968910857630319,117,0.00129809790142332,0.01419457550388129,0.00217763559219332,1.0014300304492791,5.876666666666667,116,0.3590470788428814,2.11,0.35853436378555514,1.6465707584502296,5.189154416894912,-3.998038349302294e-6,-0.03169728783938761,-1.0575006899912345e-8,0.4948671885189453,0.00413295685958275,0.31389563774593404,0.00897459358930675
Acinetobacter,R3,24,11.632801274391367,1.2065751908189404,1.0767229572803396,89,0.00145637797699764,0.0149440846837885,0.00240637875950379,1.003047955808978,5.73,88.00000000000001,0.5636998254799301,3.23,0.561986914200224,1.3150794521733888,3.7250469365691585,7.0142637114763214e-6,-0.06213318039278034,3.6395485978655424e-8,1,-1.1588457185798592e-4,1,-5.210831796255276e-7
Acinetobacter,R4,24,10.704484710426184,0.361235718642364,0.4221006490939572,107,0.00133189318706346,0.01352010924335995,0.00308040752868794,1.0051878354610433,6.14,106,0.28013029315960913,1.72,0.2786845237050879,1.4331315797961546,4.1918056331090785,-9.87465619930525e-7,0.0237383104484809,-7.078406271921495e-8,0.09305794262391232,0.02714285898475757,0.10807927951682836,0.02487587303204795
Acinetobacter,R5,24,8.60534544815156,0.21411164188470297,0.3370670801885425,120,0.00136125021724823,0.01018491039616459,0.00306797048226076,1.0037568611783565,5.656666666666666,119,0.29169121979964646,1.65,0.29059947790266333,1.2120043371435871,3.360212906991233,1.1723535975321542e-5,-0.0428414789003498,-3.6551028723577475e-8,0.1724993724213298,0.01598394360994563,0.24721572096946356,0.01152571943131917
Aeromonas_A,R1,24,14.949202704193716,11.361166099839927,0.17348010069180458,106,0.00126426197009034,0.02152182973967399,0.00113017979260428,1.0004707258754904,6.29,105.01000000000002,0.548489666136725,3.45,0.5482315993371556,2.2600073409631665,9.583159516127187,-1.128724297959114e-5,0.04977904909329566,7.895910344363747e-9,1,-7.17862138511758e-5,1,-9.207056342104716e-7
Aeromonas_A,R2,24,13.607518645266431,0.4388858746679597,0.3675010759756729,112,0.00154338109008841,0.01990585449241123,0.00163003554620612,1.001510598054952,6.036666666666666,111.01000000000002,0.33793484262838214,2.04,0.33742512888499654,2.209748907202571,9.113427789648547,-4.221367779958499e-6,0.00301242362035602,6.592402819632503e-8,1,-1.7568282257412197e-4,1,-1.0087877825474804e-5
Aeromonas_A,R3,24,17.319765156813347,0.46243762619937673,0.3516381837965452,120,0.00160837543357168,0.02463468815971646,9.19021051773819e-4,1.002385543397342,6.013333333333334,119.01000000000002,0.33758314855875826,2.03,0.3367797458596642,2.9317742378878564,18.760887262232497,8.16457545617173e-6,-0.04476747086437677,-7.255101116377084e-8,0.5290106838793088,0.00342518012702941,0.7577465324006009,8.233417183341099e-4
Aeromonas_A,R4,24,15.426285407637543,2.226653272149065,1.403160784858143,101,0.00141990890033628,0.0216194941726135,0.00128098865506093,1.0026801572192143,6.086666666666667,100.01000000000002,0.5454545454545454,3.32,0.5439965491760436,2.162165612203077,8.689936327958257,1.9086068376946595e-5,-0.0998345502048491,-1.509840534230496e-7,0.01693654948486206,0.05738324711935975,0.01971867224433801,0.05477852565168342
Aeromonas_A,R5,24,13.379469492327772,1.6939557748311964,1.1968014229567794,95,0.00150588752874205,0.01739496989774508,0.00194308255260356,1.0012721672383855,6.35,94.01000000000002,0.5370078740157481,3.4100000000000006,0.5363255781860716,1.6353011200870151,5.131002812441371,2.0004394851963585e-7,0.04928164278201077,8.076169478938692e-8,1,-2.0441414094645016e-4,1,-1.4806854164151564e-5
Aeromonas_B,R1,24,21.627229227584685,0.7486210573003894,0.48077610282975414,94,0.0013937810420073,0.03054020779769078,8.464285681270882e-4,1.0015891211160342,5.986666666666667,93,0.55456570155902,3.32,0.5536858277185436,2.8402393251852427,17.119862261108683,1.22855804968519e-6,0.00288615070054128,-4.6402574256919623e-8,1,-4.480537395666172e-5,1,-3.2900232311850653e-7
Aeromonas_B,R2,24,16.135876475677904,19.052154667556255,0.2702116300403467,99,0.0015347794728701,0.02863601071145552,8.511505376205517e-4,1.0009805044639777,5.85,98.02,0.5384615384615384,3.1499999999999995,0.5379340916833172,2.8069017699368697,16.558536508096704,-1.3218646518742373e-6,0.03879159691452706,-1.9115797708888367e-9,0.9606822006168312,2.571618625284133e-5,0.9526758762283845,3.7269091081606096e-5
Aeromonas_B,R3,24,23.51916145809968,11.164063841548083,0.2431410281968893,89,0.00143842632058318,0.03394930244807805,7.528468241546485e-4,1.0005807440957342,5.726666666666667,88.00000000000001,0.5814901047729919,3.33,0.5811526038295973,2.9875386154308687,19.83679636798948,-4.820584099619973e-5,0.1391834233890796,4.652133135188717e-8,1,-3.553017158932786e-5,1,-3.0261993597086553e-7
Aeromonas_B,R4,24,25.477691877539673,11.741673510349507,0.6853467991077199,84,0.00129167229667247,0.03585987964659123,8.509386784386346e-4,1.0000774718055228,6.21,83.00000000000001,0.5571658615136876,3.46,0.5571227002122044,2.9763700106670727,19.61647963497847,1.593519487468524e-6,-0.00845036077286446,6.83681340903812e-8,1,-3.9340385481042054e-4,1,-3.050514087150372e-4
Aeromonas_B,R5,24,27.03745507753746,9.01547246803145,1.2804502878368471,84,0.00123674663960612,0.03578033965657565,5.710829728399444e-4,1.0014667445129386,5.753333333333333,83.00000000000001,0.7056778679026651,4.06,0.7046443346911835,2.9697681914957794,19.48740172696564,-1.2604731184268992e-5,0.08573117304690839,-6.190975118993492e-8,1,-1.7429102403382395e-4,1,-3.753027971907964e-6
Arthrobacter,R1,24,18.013173236677847,5.7241669731813305,0.42119383121669973,98,0.00139145945002318,0.02511080781836032,0.00161027041566058,1.0018617114075408,6.01,97,0.3361064891846922,2.02,0.3354819186696812,2.435748358380951,11.424365034433146,3.863839598161267e-5,-0.14861324236559287,-2.09647288718348e-7,0.00668747720994984,0.07564558951476844,0.01118048644395823,0.06651971042271175
Arthrobacter,R2,24,18.011824126977334,14.179436579387332,0.24292706848299175,107,0.00130418201118639,0.02587640886188693,0.00136451060286592,1.0009458266947018,5.903333333333333,106,0.2354601919819311,1.39,0.23523769788766877,2.7428993393600147,15.531952277857217,1.6047067804972968e-5,-0.0882558695412104,-1.8689931400296897e-8,0.6545321332559315,0.00195156965625477,0.5237321713252034,0.00395831136395398
Arthrobacter,R3,24,15.66921021597788,6.648740609544924,1.3109769043205723,74,0.00121674830976192,0.02150094290867876,0.00199421650966408,1.002770959100506,6,73.00000000000001,0.65,3.9,0.6482038536327931,1.5695688323335502,4.804576169217119,-2.7492984820289985e-5,0.09536159370294583,-3.1822746839833146e-8,0.850243780091809,5.12779231180416e-4,0.8564785388291389,4.705222164730648e-4
Arthrobacter,R4,24,16.933236785540426,13.408026840909148,0.2844980730103275,98,0.00125572944769287,0.0243928703356261,0.00158975003481593,1.0014040915828974,6,97,0.37166666666666665,2.23,0.3711455443318405,2.366108422555732,10.655843451271986,-2.5797246779080424e-5,0.1241421711443422,4.2742008852475116e-8,1,-2.257872983375429e-4,1,-1.444399119211028e-5
Arthrobacter,R5,24,17.053601086166374,0.6048161321533281,0.4340139750270287,76,0.00113472260438504,0.02398857970330566,0.0020520520556274,1.0016190196011714,7.003333333333333,75.00000000000001,0.569728700618753,3.99,0.5688077896579977,1.7991434777479247,6.04446802521158,1.2113191109972034e-5,-0.0472486086689153,4.5711778918808694e-8,1,-1.2054183894736856e-4,1,-7.186919332844388e-7
Bacillus,R1,24,29.49627687870151,0.8164208592227762,0.5199991046227056,85,0.00106274082335405,0.04065226938355063,7.600458239172639e-4,1.002512213689722,6.03,84.01000000000002,0.4527363184079602,2.73,0.4516017981882486,3.415197150912089,30.422946748056983,7.6280897301558995e-6,-0.02886457563578845,-2.358881600747559e-7,0.4034281567595023,0.0086341578223814,0.5536809472505091,0.00434774440153916
Bacillus,R2,24,18.593756849062544,0.6624252897003702,0.45220817966977633,91,0.00166159483346526,0.02672952707892209,0.00146826563054103,1.0008726486068946,5.926666666666667,90.01000000000002,0.4454443194600675,2.64,0.4450559420122803,2.405924732373778,11.088679603528254,4.150280567801716e-6,0.00601723125330334,3.726002070739616e-8,1,-2.005830030983126e-4,1,-4.249469413511192e-7
Bacillus,R3,24,17.68410528868933,13.868631094223748,0.2830579445839209,107,0.00130310415516932,0.02508243248566288,0.00124469599403232,1.0016379592858429,5.93,106.01000000000002,0.3440134907251265,2.04,0.3434509320816919,2.6589886678051227,14.281838109851655,8.129002318823027e-6,-0.04802278143084079,-8.879522064827477e-8,0.12285973410055231,0.02295611196887363,0.1095433300597034,0.02467334831567969
Bacillus,R4,24,19.23970610602504,11.631617727913904,0.3903885498051209,102,0.00132489348321533,0.02733746457736678,0.00120446088806259,1.0016400930500895,6.26,101.01000000000002,0.3498402555910543,2.19,0.3492674245154838,2.7613572969598192,15.821302587316609,2.0416776142757068e-5,-0.07317640191901562,-6.682987624449806e-9,1,-1.4904580227752165e-4,1,-1.8180347576072171e-6
Bacillus,R5,24,16.391337461625987,4.906105182122431,0.3885808780962174,94,0.0014637006017422,0.02273270654790027,0.00174156996159367,1.0014387192657337,5.783333333333333,93.01000000000002,0.4443804034582132,2.57,0.443741983317799,2.1143690360202045,8.284356985852854,-5.462494856920771e-6,0.0042956540602464,-1.8799692786554468e-8,0.7383010748222052,0.00124641456145974,0.676245010271056,0.00194649081114979
Burkholderia,R1,24,15.517704436338075,7.308975731075925,0.22621019082826635,105,0.00154074380287061,0.0225655256203426,0.00150950058400556,1.0029313041523,6.293333333333333,104,0.37023305084745767,2.33,0.3691509571140437,2.3468146645156303,10.45222280616688,-1.0653121441156774e-5,9.651452357324144e-4,2.1403524012999965e-8,1,-5.320271980628656e-6,0.8954607411299833,1.7177757963505216e-4
Burkholderia,R2,24,14.53053795720828,0.4428187490075502,0.34341591747929856,105,0.00158902546850078,0.01985526299343977,0.00188222696498641,1.0018054968983412,5.613333333333333,104,0.3491686460807601,1.96,0.34853935934850655,2.064947351317736,7.884882758039702,3.4815028130283745e-5,-0.14062618277118355,-6.163936736561065e-8,0.17146412283672663,0.01843549176055359,0.11713150633694716,0.0241339379650132
Burkholderia,R3,24,14.32082736140977,0.4626849729026136,0.327076596899704,112,0.00133626392753042,0.02090622491207607,0.00141394129438381,1.0016299171847716,6.6466666666666665,111,0.3821464393179539,2.54,0.38152458583908194,2.3205909652404437,10.181689553112191,-8.45775681101546e-6,0.00258229925919551,-1.8075526535020467e-8,0.36026999848254726,0.00775526254526425,0.21215934321415433,0.01437570912582807
Burkholderia,R4,24,14.553293446320884,4.54177010415222,0.2196687839530286,114,0.00157438121682862,0.02075222150130871,0.00138522155435472,1.0009237899955028,5.76,113,0.3697916666666667,2.13,0.3694503721090775,2.3450010296478845,10.433283470151638,1.0180775875918716e-5,-0.04843976294421374,-1.749255771390968e-8,0.6238657399086405,0.00219365295457734,0.6013023403007284,0.00249034626076815
Burkholderia,R5,24,15.411041625511604,14.597277521146324,0.3053002913568969,107,0.00131162859770253,0.02204622666471412,0.00130514474048356,1.00076301873485,6.056666666666667,106,0.44744083654375344,2.71,0.44709969110309616,2.3369000264596966,10.349104833558584,2.8867048988090304e-5,-0.13279375020667503,-1.8470532624290672e-8,0.8017845541123525,6.146347040649356e-4,0.8629681004989944,2.9058620715839825e-4
Buttiauxella,R1,24,15.110015712065872,5.246960096698777,0.5083293440833411,110,0.00155446972783442,0.02164977127268865,0.00125188704494523,1.0029244224180582,5.86,109.02,0.4488054607508532,2.63,0.44749679110294266,2.360258064148517,10.59368494999603,9.963870323889362e-6,-0.04766577905765792,-1.0038940065992707e-7,0.1027272212243272,0.02492236099454563,0.0886651721238719,0.02709883962115683
Buttiauxella,R2,24,17.30184829588335,0.3030723444729994,0.2294744835698011,101,0.00148117329607626,0.02444709978164981,0.00154856277118677,1.0017197717617223,5.72,100,0.3374125874125874,1.9299999999999995,0.33683331099592917,2.444709978164981,11.527205972571169,-4.955553990657161e-6,0.020541264874659092,1.4831320389641184e-9,1,-1.4512047536059932e-5,0.8520998944184753,3.601353631092264e-4
Buttiauxella,R3,24,15.034259103121563,6.903720566354302,0.7568798861284748,103,0.00124478749922208,0.02162603228910582,0.00150030925737436,1.000408943748628,5.87,102,0.4395229982964225,2.58,0.4393433315874683,2.2058552934887934,9.078012613476892,-1.8530749757839869e-6,2.071716029603647e-4,-2.1522312116137567e-8,0.3587798344597555,0.00851325850201822,0.3071338882094344,0.01053239154756402
Buttiauxella,R4,24,13.716518151868536,0.3328917949116001,0.29906790980610254,109,0.00165861962256276,0.01862887955508459,0.00214837784846517,1.0021453011094312,5.8133333333333335,108,0.2545871559633027,1.48,0.2540421590376769,2.011918991949136,7.477653143962384,-1.4275916285162038e-5,0.06535077786904421,3.88674379925708e-8,1,-2.7241837137634544e-4,1,-9.615164573695556e-4
Buttiauxella,R5,24,15.327300938417311,11.73051059512411,0.20136125053890233,110,0.00146337982328036,0.02164406270204685,0.00149953478314874,1.0015444502813484,5.69,109,0.33743409490333914,1.92,0.33691374836987914,2.3592028345231064,10.582512075805209,2.531910754802307e-6,-0.02348865257119206,-5.2500227565650974e-8,0.4440606441724061,0.00553683504121381,0.5125665623703958,0.00405638078798078
Chromobacterium,R1,24,17.555050037642435,11.156612302785684,0.3515572440181184,88,0.00117256035496995,0.02522617124800949,0.00146207685469666,1.0009404119094514,5.906666666666667,87.01000000000002,0.5383747178329571,3.18,0.5378688995141305,2.1949291602893064,8.979364938673955,1.703241658898739e-5,-0.05524128770499841,7.104314353856987e-9,0.9248428092643048,1.0656903848321296e-4,0.9381145175531512,7.218712930468093e-5
Chromobacterium,R2,24,18.074553381019083,14.265821400561682,0.2909846529850947,98,0.00126828001929884,0.02625342021604529,0.0011788058997616,1.0001577615015629,6.243333333333333,97.01000000000002,0.4725040042712227,2.95,0.47242947308816574,2.5468442951585546,12.766752045823642,3.9121592892808254e-5,-0.11648820865785237,-1.326070737608009e-7,0.11930386490688416,0.02561669591541247,0.21223822766856268,0.01650462365261396
Chromobacterium,R3,24,18.433895762398716,15.271849188833604,0.6613706005503986,100,0.00134362046272442,0.02637388049391013,0.00115978394283999,1.001771647966302,5.693333333333333,99.01000000000002,0.4496487119437939,2.56,0.4488535015506043,2.611277907702043,13.616440292338456,9.657674826718056e-6,-0.08491349266199141,-5.36475038448121e-8,0.0980460963568728,0.02825259134422256,0.04434166346490301,0.04145521519866676
Chromobacterium,R4,24,16.38148240292897,10.533137117253244,0.6327714102920571,100,0.00130938017599194,0.0231934956390027,0.00169792715303896,1.000423897545015,5.916666666666667,99.01000000000002,0.348169014084507,2.06,0.3480214886298643,2.296388003217658,9.93822072580412,-2.9885916821160893e-5,0.09569390031299284,3.916113559850916e-8,0.9504444949546804,4.044311324947567e-5,0.4967066216735505,0.00482558240741681
Chromobacterium,R5,24,17.143447392353398,16.131860655927895,0.10225401951199656,118,0.00144199966451153,0.02492601488854882,0.00121599323729737,1.00006383668923,5.633333333333333,117.01000000000002,0.14733727810650887,0.83,0.14732787318285356,2.916593002109099,18.47822482061684,1.0119071543720166e-6,-0.00880385997319691,5.298649057893097e-8,1,-3.151721389540902e-4,1,-0.00304382266874637
Chryseobacterium,R1,24,10.7166408225742,0.4826983662104313,0.4155431367868562,130,8.562334643749236e-4,0.01546010522363754,8.384499691769018e-4,1.0011949766639616,6.11,129.03,0.6563011456628477,4.01,0.6555178171685202,1.9948173770059523,7.350860469155776,8.722293064637684e-7,0.02046397401086202,-6.958883183721637e-9,1,-3.854214574277306e-5,1,-6.920317208839031e-7
Chryseobacterium,R2,24,11.326014976525888,3.5902730971110857,0.2120813256015123,123,8.079900828894077e-4,0.01681179113571153,7.875711371962443e-4,1.0013408251418454,5.953333333333333,122.03,0.6836506159014558,4.07,0.6827351873969714,2.051542872290878,7.779895236007869,2.21396246924619e-6,-0.00136732924728368,-2.1862026169956905e-8,0.5562006676679336,0.00291828128962772,0.6256717805953989,0.00200620199685895
Chryseobacterium,R3,24,11.34241722090288,0.26037406595388507,0.22112809880506623,119,8.563549716162774e-4,0.01668582715915156,9.312067517155902e-4,1.0010656162587568,5.87,118.03,0.65587734241908,3.85,0.6551791728401027,1.9694281795946589,7.166577321315847,8.594837716493963e-6,-0.06152606623837568,-1.2311581187963731e-8,0.5719287683720953,0.00278617755243149,0.602960258973855,0.00236010469457899
Chryseobacterium,R4,24,8.628579275328294,9.924644822969404,0.02872506532984983,140,6.778573765616055e-4,0.01577081633140894,6.788354020645641e-4,1.0010184940281743,5.756666666666667,139.03,0.65836711059641,3.79,0.6576972498750655,2.1926165945557847,8.958623559153438,1.389659236288934e-6,-0.05017994151115611,-1.8140469067530545e-8,0.14861403096172965,0.01527981214359555,0.12611023896475534,0.01711905257634748
Chryseobacterium,R5,24,10.680700091930632,0.26022469600552844,0.25455009625643166,117,7.846061779927828e-4,0.0154155460716585,0.00107848665072903,1.0008024616333793,5.933333333333334,116.03,0.652247191011236,3.87,0.6517242073393017,1.788665810694536,5.9814667313825876,4.050537493503537e-6,-0.02841978627765349,1.462397784137183e-9,1,-1.2409917954290618e-5,0.9670463890174454,1.5170952226621898e-5
Flavobacterium_A,R1,24,12.491262590384704,12.352160177825311,0.6702288407604047,125,0.00147050140301682,0.01802196080469134,0.0011986181924599,1.000856375111851,6.0633333333333335,124.03000000000002,0.4469488730071467,2.7099999999999995,0.44656644461818784,2.235263798605867,9.348947766317062,-3.5888290347864285e-8,-0.05845485391985226,1.3776312648122077e-8,0.42829120316447034,0.00519348954507479,0.18419969051391305,0.01452735659770679
Flavobacterium_A,R2,24,11.999576030604985,0.8340565290094764,0.798390102862957,104,0.00152923967979143,0.01567720727273571,0.0021383665075413,1.0031565812533862,6.216666666666667,103.01000000000002,0.4520107238605898,2.81,0.4505884049485361,1.6149091211645064,5.027431015631213,2.5465931395052752e-5,-0.06717039431097616,-5.7628262705856565e-8,0.4176473889236018,0.006580420330334,0.613884141674781,0.00255506184285163
Flavobacterium_A,R3,24,16.78052951441446,0.22139672264275212,0.15279626799426493,108,0.00146299304094163,0.02416130472305527,0.00128073842831951,1.000674350624929,6.116666666666667,107.01000000000002,0.34986376021798365,2.14,0.3496279883655367,2.585501218414145,13.269938560971507,3.300027157503342e-5,-0.12435810709596466,4.647360613220912e-8,1,-8.059854888588538e-5,1,-4.323773068273283e-7
Flavobacterium_A,R4,24,16.112066381059815,2.8263572713464056,0.7877357427777724,81,0.00121551456901476,0.02351547306940147,0.00150600350882712,1.00043565162336,5.203333333333333,80.01000000000002,0.643818065342729,3.3499999999999996,0.6435377070959394,1.881473000282812,6.5631652898662045,-2.483573024825666e-5,0.06227524984335468,9.987410020018508e-8,1,-4.721961864821627e-4,1,-2.912302750569246e-6
Flavobacterium_A,R5,24,14.73971827605938,0.5280384124670793,0.4370787637640506,111,0.00135936319883732,0.02134249518277886,0.00149395525924943,1.0004468166612643,6.166666666666667,110.03,0.3372972972972973,2.08,0.3371466545547527,2.348314744961158,10.46791374710518,-1.4006092703117646e-5,0.05381309500466316,6.467963764011598e-8,1,-1.685514879465588e-4,1,-1.5504349927625216e-6
Flavobacterium_B,R1,24,11.414704930735391,0.1835573162330299,0.23200222765785455,133,0.00143675312160461,0.0161003393333728,0.00162419640394892,1.0028370474621635,6.1466666666666665,132.02,0.2586767895878525,1.59,0.2579449874159263,2.125566798791877,8.377644581504354,3.4068641994398404e-5,-0.12416929502490538,-8.800488695367713e-8,0.02108331301630526,0.04055383449730353,0.13282023728763526,0.01742766001464404
Flavobacterium_B,R2,24,10.82565879547004,0.2672259609060543,0.242150916608279,106,0.00137371797201246,0.0148048700585227,0.00210437422193404,1.0018276713739969,5.776666666666666,105,0.46912867859203694,2.71,0.46827282974588985,1.5545113561448836,4.732773319438368,2.875641101260664e-5,-0.10613605970251236,-4.507460429390865e-8,0.20555758754654427,0.0156633387636566,0.23754497098869545,0.01365060084609887
Flavobacterium_B,R3,24,10.238858522690276,0.10436996760105444,0.15359901113546656,129,0.00121448949547746,0.0141867680204075,0.00178388859953392,1.0020672242297053,6.3,128,0.3555555555555556,2.24,0.3548220587983737,1.81590630661216,6.146644398266869,1.4901767879784806e-5,-0.03043088194649093,-1.7390973009969324e-8,0.9428532677711818,4.127285335736291e-5,1,-1.4596000406327275e-5
Flavobacterium_B,R4,24,11.163371172822094,0.4705175410386263,0.46682435596972527,117,0.00120179422239533,0.01497899102291948,0.00188355085093038,1.0023232821868335,6.526666666666666,116,0.41062308478038817,2.68,0.4096713027402748,1.7375629586586605,5.683475666226595,-1.5161991822225433e-5,0.03391136027215842,1.2549982694038972e-8,1,-2.0433250100992823e-4,1,-3.94468725687814e-7
Flavobacterium_B,R5,24,6.280494743406727,1.146878560261542,1.8885700073821776,95,6.796608124721809e-4,0.00797248134855392,0.00158874792750783,1.0021193062537546,6.26,94,0.7795527156549521,4.88,0.777904098633896,0.7494132467640686,2.1157582243509014,-1.0640221331978224e-5,0.07718078727356771,4.556731199668603e-9,1,-1.340896207225947e-4,1,-2.737200867609231e-7
Herbaspirillum,R1,24,12.503232784091326,0.4094382775873766,0.30647347063921476,113,9.44101902048708e-4,0.01838774087987666,0.00104265515980491,1.000990311435331,5.883333333333333,112,0.6135977337110482,3.61,0.6129906820288838,2.059426978546186,7.841475189171318,-9.465569449621189e-6,0.02122018035471745,2.984038513223695e-8,1,-4.915794996765226e-5,1,-3.3760587440463466e-7
Herbaspirillum,R2,24,15.108335422668548,0.242000484109332,0.2022113335790864,119,0.0010513603308002,0.02254198430536669,8.54084712343128e-4,1.0006729992155412,6.976666666666667,118,0.49737219302436697,3.47,0.4970376870508873,2.65995414803327,14.295633600733536,-3.628463412555925e-6,0.04650500905527077,-1.8743826619101095e-9,1,-1.2737076140405116e-4,1,-3.6073442305897497e-7
Herbaspirillum,R3,24,15.169929851866891,14.706975199917398,0.2221738237145271,115,8.251917943060561e-4,0.02231892948367655,7.838853468847181e-4,1.001062751357822,6.423333333333333,114,0.5884795018162947,3.7799999999999994,0.587854758373631,2.5443579611391267,12.735049064327155,8.027211292944681e-6,-0.03291756471059131,-3.939660874671512e-8,0.5687724577554034,0.0029344829743353,0.7158018382623044,0.00119882247638831
Herbaspirillum,R4,24,14.81355438695085,9.406782226332046,0.24744239608346305,123,0.00124002735303052,0.02169290408519785,8.99942686361268e-4,1.0008897917035782,5.66,122,0.4558303886925795,2.58,0.4554251551679103,2.646534298394138,14.105069875499291,7.132265956953824e-6,-0.04453963987454306,-2.9107055299390727e-9,1,-5.069542325766848e-5,1,-6.085522113975628e-7
Herbaspirillum,R5,24,13.52295097746592,2.0252955105070627,0.18649007324619107,125,0.00101117744980481,0.01984617204888009,9.225470256429326e-4,1.0008987626805868,6.0633333333333335,124,0.5030236393622869,3.0499999999999994,0.5025719464525056,2.4609253340611312,11.715647413406124,2.982091033605007e-6,-0.00397502947380184,2.704970518754884e-9,1,-9.59839451942074e-5,1,-1.8924765690265023e-6
Pseudomonas,R1,24,16.81055360832112,13.423481546556712,0.23695451012306884,121,0.00136945636396906,0.02476961577599536,7.058706372483028e-4,1.0018222387396714,6.373333333333333,120.01000000000002,0.475418410041841,3.03,0.4745536599785752,2.9726015892772035,19.542695585540404,9.794246252535664e-6,-0.07854323641318228,-5.95793202101155e-8,0.1716733764927665,0.01590851208247231,0.1609213310489374,0.01672986489829523
Pseudomonas,R2,24,15.119200539919628,11.57427104694618,0.35819277204830163,119,0.00133608342547247,0.02125353060972634,0.00104179913355233,1.000660928089658,5.92,118.01000000000002,0.445945945945946,2.64,0.4456514024158939,2.5081291472538054,12.281930869073474,1.352041649679209e-5,-0.0386990428325979,-3.822109375032727e-8,0.8022828552353327,5.474171386297818e-4,1,-4.615400586007052e-7
Pseudomonas,R3,24,17.709998370366296,0.8013590635270444,0.533265539790003,112,0.00154211163542598,0.02530935956809623,0.00105711326126181,1.0007266278238829,6.093333333333333,111.03,0.3479212253829322,2.12,0.3476685997048962,2.8100981928457243,16.611549274001515,2.56760663477325e-5,-0.0658932720161171,6.88351801787874e-10,1,-1.8677344228543657e-4,1,-6.2912303404174445e-6
Pseudomonas,R4,24,13.253068920105932,0.16543030280038612,0.17351776938155755,120,0.0014699649718021,0.01897503526471538,0.00161190660070288,1.00077782152795,6.193333333333333,119.03,0.27448869752421956,1.6999999999999995,0.2742753602444352,2.2585984475590717,9.569667372622328,-1.2239233625232886e-5,0.03920245610450721,5.9454532095842435e-8,1,-1.8173888602436485e-4,1,-3.131869626776673e-6
Pseudomonas,R5,24,16.437148875054632,0.7293445563987164,0.538970586330551,100,0.00146676862931422,0.02272200698265882,0.00175463182406578,1.0014656262946058,5.886666666666667,99.01000000000002,0.3482446206115515,2.05,0.3477349710943616,2.24970591135305,9.48494601121185,5.515539629969416e-6,-0.03631258964024631,-8.07617105402426e-8,0.10022375456184776,0.02789576215256221,0.05059659517290624,0.03922522854540884
Serratia,R1,24,15.083443657578815,8.90349769053016,0.40481508213099865,113,0.00147405764299054,0.02082821024253651,0.00170691110656803,1.002512716937643,5.836666666666667,112.01000000000002,0.23814962878355225,1.39,0.23755272602528524,2.332967829266515,10.308490017645456,6.471431146237092e-6,-0.00382752501531992,-6.548004452141146e-8,0.3252939721363962,0.00887767092259378,0.5140490535977542,0.00391683471153024
Serratia,R2,24,19.333442292378155,14.822417641633749,0.3840067714644365,109,0.0012163985567788,0.02748035206803947,7.793635592569263e-4,1.0007605092334608,5.746666666666667,108.01000000000002,0.4750580046403712,2.73,0.4746969931939511,2.968152826868943,19.45594787910321,8.791717350884395e-6,-0.0140949945866073,-2.3261302993356952e-8,1,-8.95817031049757e-5,1,-1.7442225593323865e-6
Serratia,R3,24,17.724846585690603,0.09475625757032193,0.11691758621345416,112,0.00136381427217991,0.02555768004897173,0.00137708026592862,1.003262081707571,5.78,111.01000000000002,0.1384083044982699,0.8,0.1379582733384046,2.837158062236353,17.06719264996534,-5.6935484401061385e-6,0.01713105986285152,-5.2083076167892394e-8,1,-2.3133034938521477e-5,1,-8.003832003207382e-4
Serratia,R4,24,19.365760715037876,0.6994961704601041,0.4063307342567847,96,0.0012845228214309,0.02752262081406668,0.0011740583615552501,1.0011778092513277,5.85,95.01000000000002,0.45982905982905986,2.69,0.4592881060487309,2.6149242035444757,13.666180490594243,-1.4360665345309207e-5,0.03957698141908088,1.3860492009238034e-7,1,-2.3667881313364444e-4,1,-4.741765632299174e-4
Serratia,R5,24,19.407531921611216,8.967727455540565,0.23212515030976943,105,0.00129478979808849,0.02845516281164994,7.613613799133667e-4,1.001442578453421,5.633333333333333,104.01000000000002,0.51301775147929,2.8899999999999997,0.5122787491935579,2.9596214840397117,19.290668547469707,1.3020601317726182e-5,-0.03129660952604179,-1.301613729578171e-7,0.10057325197276026,0.02647279954628855,0.15749526570606817,0.01968497273765921
Yersinia,R1,24,33.06038978115697,0.333715559118161,0.24472496389619056,100,0.00132203362325404,0.04615722602419903,3.938695026567253e-4,1.002035507705755,6.19,99.01000000000002,0.1873990306946688,1.16,0.1870183533952152,4.570026948655946,96.54671154189948,2.619867299081741e-5,-0.09190027649406324,-1.948475503029729e-7,0.7345649708183359,0.00120304175007218,0.8588279243649282,3.312122219173785e-4
Yersinia,R2,24,26.448345636652764,21.090200735400305,0.1333860995608625,119,0.00123737084441545,0.0381862786006876,3.4727316928298985e-4,1.0007085882763294,6.13,118.01000000000002,0.1859706362153344,1.14,0.18583895291201563,4.5063627376671445,90.5917127094572,5.007182267889031e-6,-0.03854224629301978,-4.2817125324481715e-8,0.8758003329232988,2.133218500441908e-4,1,-5.068500218241537e-4
Yersinia,R3,24,27.396248860801855,0.4818772923802206,0.32146530404104046,111,0.00130701981443792,0.03873777039055091,4.6681106987881e-4,1.0015960130179675,6.123333333333333,110.01000000000002,0.16004354926510617,0.98,0.15978852469956384,4.261542120664506,70.91926523420305,-5.699489057941651e-6,0.06264018023306053,5.2151206584858814e-8,1,-2.2772611447025108e-4,1,-0.0034312220691548
Yersinia,R4,24,25.250345253842376,20.453207731920624,0.1683527624546185,112,0.0012456775724091,0.03673333494572418,5.230006158582802e-4,1.0001620342119366,6.28,111.01000000000002,0.17356687898089174,1.09,0.1735387597647128,4.077767512324843,59.01357559832661,-1.0657088087285634e-5,0.0581540307328835,-4.2879637451588056e-8,0.7329961604943829,0.00108199125954422,0.7531710123667561,9.194333382099404e-4
Yersinia,R5,24,24.540182251627087,0.04404245368149807,0.02950296182745263,111,0.00143385692415476,0.03601391928722333,6.020573165550171e-4,1.0006216242567905,5.9,110.01000000000002,0.1406779661016949,0.8299999999999998,0.14059057159211719,3.961891260787439,52.556630308300896,-2.595058401294649e-6,1.306178391897608e-4,3.578139865519381e-9,0.6139898550594006,0.00238590623377095,0.4488578604675027,0.00537075419997373
